ID_Tarjeta,ID_Cliente,TipoTarjeta,Estado,Limite,Utilizacion
T000001,C00632,Débito,Activa,1949,0.29
T000002,C00556,Débito,Activa,981,0.44
T000003,C00824,Crédito,Cancelada,7748,0.02
T000004,C00156,Débito,Cancelada,7023,0.3
T000005,C00367,Crédito,Cancelada,2305,0.5
T000006,C00719,Crédito,Suspendida,4067,0.06
T000007,C00902,Crédito,Cancelada,7393,0.49
T000008,C00620,Débito,Cancelada,5176,0.93
T000009,C00251,Débito,Suspendida,2313,0.11
T000010,C00957,Crédito,Activa,6079,0.76
T000011,C00916,Crédito,Cancelada,4170,0.41
T000012,C00882,Crédito,Suspendida,9459,0.66
T000013,C00334,Crédito,Cancelada,7464,0.26
T000014,C00642,Crédito,Activa,1777,0.16
T000015,C00969,Crédito,Cancelada,9403,0.16
T000016,C00511,Crédito,Activa,2474,0.07
T000017,C00293,Débito,Cancelada,5069,0.19
T000018,C00020,Crédito,Suspendida,6944,0.66
T000019,C00282,Crédito,Cancelada,2626,0.88
T000020,C00797,Débito,Cancelada,5746,0.81
T000021,C00001,Crédito,Activa,7052,0.69
T000022,C00119,Crédito,Suspendida,2751,0.11
T000023,C00035,Crédito,Suspendida,6611,0.29
T000024,C00198,Crédito,Activa,207,0.31
T000025,C00485,Crédito,Activa,8287,0.25
T000026,C00757,Crédito,Cancelada,2755,0.52
T000027,C00059,Débito,Activa,675,0.54
T000028,C00837,Débito,Suspendida,5616,0.36
T000029,C00161,Débito,Suspendida,8876,0.35
T000030,C00691,Crédito,Activa,7439,0.83
T000031,C00206,Débito,Cancelada,6910,0.79
T000032,C00012,Débito,Suspendida,5200,0.31
T000033,C00490,Débito,Suspendida,4854,0.91
T000034,C00276,Crédito,Suspendida,8278,0.95
T000035,C00693,Crédito,Activa,6263,0.33
T000036,C00242,Débito,Cancelada,2485,0.35
T000037,C00216,Débito,Activa,5423,0.51
T000038,C00251,Crédito,Cancelada,7171,0.94
T000039,C00811,Débito,Activa,3725,0.88
T000040,C00126,Débito,Cancelada,3022,0.1
T000041,C00994,Débito,Cancelada,5143,0.39
T000042,C00217,Crédito,Activa,6730,0.55
T000043,C00306,Crédito,Cancelada,458,0.5
T000044,C00797,Débito,Suspendida,482,0.19
T000045,C00185,Débito,Suspendida,2098,0.86
T000046,C00039,Crédito,Activa,4335,0.68
T000047,C00223,Débito,Suspendida,6829,0.84
T000048,C00184,Crédito,Cancelada,3400,0.86
T000049,C00495,Débito,Activa,5310,0.75
T000050,C00427,Débito,Suspendida,7367,0.44
T000051,C00178,Crédito,Activa,812,0.61
T000052,C00919,Crédito,Cancelada,887,0.16
T000053,C00428,Crédito,Activa,3890,0.67
T000054,C00294,Débito,Suspendida,9004,0.18
T000055,C00852,Débito,Activa,2507,0.69
T000056,C00151,Crédito,Activa,7333,0.23
T000057,C00384,Crédito,Cancelada,6709,0.12
T000058,C00638,Débito,Activa,6106,0.17
T000059,C00813,Débito,Suspendida,2791,0.0
T000060,C00308,Crédito,Suspendida,7383,0.72
T000061,C00336,Débito,Suspendida,5448,0.73
T000062,C00946,Débito,Activa,8966,0.51
T000063,C00746,Débito,Cancelada,5308,0.16
T000064,C00892,Débito,Suspendida,3804,0.08
T000065,C00375,Débito,Cancelada,869,0.02
T000066,C00008,Crédito,Cancelada,4564,0.17
T000067,C00341,Débito,Activa,7529,0.89
T000068,C00129,Débito,Activa,1483,0.24
T000069,C00776,Débito,Cancelada,1123,0.35
T000070,C00669,Débito,Cancelada,1325,0.11
T000071,C00352,Crédito,Suspendida,1729,0.22
T000072,C00358,Crédito,Activa,9986,0.52
T000073,C00517,Crédito,Cancelada,8638,0.61
T000074,C00495,Crédito,Suspendida,3911,0.25
T000075,C00086,Crédito,Activa,8204,0.06
T000076,C00175,Débito,Activa,9952,0.39
T000077,C00802,Débito,Activa,6474,0.23
T000078,C00193,Débito,Suspendida,4064,0.22
T000079,C00311,Débito,Suspendida,8033,0.96
T000080,C00119,Crédito,Suspendida,6988,0.62
T000081,C00218,Crédito,Suspendida,426,0.56
T000082,C00427,Crédito,Suspendida,464,0.42
T000083,C00970,Crédito,Cancelada,9787,0.43
T000084,C00414,Débito,Cancelada,845,0.54
T000085,C00114,Débito,Activa,7744,0.7
T000086,C00978,Crédito,Suspendida,5769,0.7
T000087,C00145,Crédito,Cancelada,3190,0.17
T000088,C00538,Débito,Cancelada,2704,0.5
T000089,C00648,Crédito,Suspendida,9546,0.41
T000090,C00303,Débito,Suspendida,787,0.87
T000091,C00744,Crédito,Suspendida,9377,0.63
T000092,C00881,Débito,Activa,4279,0.53
T000093,C00588,Débito,Cancelada,3548,0.12
T000094,C00987,Crédito,Suspendida,6499,0.61
T000095,C00840,Crédito,Activa,4031,0.12
T000096,C00345,Débito,Suspendida,9633,0.34
T000097,C00814,Crédito,Suspendida,8581,0.14
T000098,C00964,Crédito,Suspendida,9372,0.69
T000099,C00801,Crédito,Cancelada,1915,0.21
T000100,C00001,Crédito,Suspendida,6650,0.39
T000101,C00147,Crédito,Cancelada,5633,0.9
T000102,C00287,Débito,Cancelada,1298,0.2
T000103,C00976,Crédito,Activa,7296,0.51
T000104,C00654,Crédito,Activa,2526,0.42
T000105,C00053,Crédito,Cancelada,9287,0.02
T000106,C00304,Débito,Cancelada,6616,0.79
T000107,C00069,Crédito,Suspendida,7180,0.07
T000108,C00361,Débito,Suspendida,6963,0.47
T000109,C00602,Crédito,Cancelada,1874,0.56
T000110,C00958,Débito,Cancelada,8150,0.63
T000111,C00220,Crédito,Suspendida,9322,0.69
T000112,C00962,Débito,Suspendida,9115,0.25
T000113,C00704,Débito,Suspendida,6249,0.01
T000114,C00966,Crédito,Suspendida,1289,0.72
T000115,C00575,Crédito,Activa,4778,0.54
T000116,C00585,Crédito,Suspendida,9327,0.84
T000117,C00161,Débito,Cancelada,355,0.82
T000118,C00681,Crédito,Cancelada,9462,0.84
T000119,C00089,Débito,Suspendida,2158,0.49
T000120,C00688,Crédito,Suspendida,6544,0.33
T000121,C00781,Débito,Cancelada,5979,0.79
T000122,C00585,Crédito,Cancelada,6344,0.45
T000123,C00757,Crédito,Activa,5263,0.18
T000124,C00589,Débito,Cancelada,4030,0.85
T000125,C00159,Débito,Cancelada,9246,0.88
T000126,C00489,Crédito,Cancelada,9031,0.47
T000127,C00971,Crédito,Activa,9994,0.08
T000128,C00324,Crédito,Cancelada,6859,0.39
T000129,C00610,Débito,Suspendida,641,0.8
T000130,C00381,Crédito,Cancelada,6240,0.9
T000131,C00102,Débito,Cancelada,6125,0.2
T000132,C00494,Débito,Activa,7558,0.07
T000133,C00644,Crédito,Suspendida,4828,0.88
T000134,C00614,Débito,Cancelada,6570,0.39
T000135,C00019,Débito,Activa,9728,0.54
T000136,C00454,Débito,Cancelada,1148,0.97
T000137,C00482,Crédito,Activa,8379,0.07
T000138,C00594,Débito,Activa,6315,0.65
T000139,C00397,Débito,Activa,659,0.07
T000140,C00279,Débito,Suspendida,7768,0.38
T000141,C00851,Débito,Activa,4846,0.8
T000142,C00365,Crédito,Cancelada,592,0.43
T000143,C00331,Débito,Activa,1987,1.0
T000144,C00641,Débito,Cancelada,7574,0.56
T000145,C00344,Débito,Suspendida,1338,0.32
T000146,C00822,Débito,Suspendida,4941,0.22
T000147,C00455,Crédito,Activa,7618,0.35
T000148,C00601,Débito,Cancelada,6562,0.37
T000149,C00725,Débito,Suspendida,2654,0.07
T000150,C00655,Crédito,Suspendida,9858,0.37
T000151,C00065,Crédito,Activa,3874,0.46
T000152,C00076,Crédito,Activa,1577,0.72
T000153,C00711,Crédito,Activa,6901,0.66
T000154,C00143,Crédito,Cancelada,2797,0.71
T000155,C00917,Crédito,Activa,341,0.01
T000156,C00915,Débito,Activa,2859,0.22
T000157,C00828,Crédito,Cancelada,4796,0.66
T000158,C00605,Crédito,Cancelada,9231,0.48
T000159,C00473,Débito,Activa,5861,0.01
T000160,C00417,Débito,Cancelada,6342,0.8
T000161,C00305,Débito,Cancelada,5826,0.77
T000162,C00736,Crédito,Activa,8987,0.55
T000163,C00497,Crédito,Cancelada,8672,0.07
T000164,C00291,Débito,Activa,623,0.77
T000165,C00940,Crédito,Activa,7199,0.58
T000166,C00102,Crédito,Cancelada,4449,0.78
T000167,C00986,Débito,Activa,1950,0.75
T000168,C00267,Crédito,Suspendida,4957,0.8
T000169,C00867,Débito,Cancelada,2167,0.52
T000170,C00968,Crédito,Cancelada,4288,0.14
T000171,C00622,Crédito,Cancelada,4378,0.67
T000172,C00974,Débito,Activa,7989,0.62
T000173,C00842,Débito,Activa,3146,0.74
T000174,C00962,Débito,Cancelada,9841,0.17
T000175,C00942,Crédito,Activa,5594,0.19
T000176,C00777,Débito,Suspendida,8080,0.89
T000177,C00003,Crédito,Suspendida,5275,0.75
T000178,C00085,Crédito,Suspendida,7430,0.91
T000179,C00794,Crédito,Cancelada,1731,0.76
T000180,C00328,Débito,Activa,3190,0.6
T000181,C00816,Crédito,Cancelada,7355,0.65
T000182,C00450,Débito,Suspendida,4693,0.89
T000183,C00454,Crédito,Suspendida,9535,0.58
T000184,C00924,Crédito,Suspendida,1133,0.63
T000185,C00629,Crédito,Cancelada,1660,0.16
T000186,C00221,Crédito,Cancelada,2923,0.47
T000187,C00154,Débito,Suspendida,485,0.72
T000188,C00665,Crédito,Suspendida,464,0.27
T000189,C00012,Crédito,Activa,7016,0.2
T000190,C00133,Débito,Activa,1962,0.31
T000191,C00994,Crédito,Suspendida,240,0.24
T000192,C00304,Crédito,Activa,6027,0.21
T000193,C00293,Crédito,Suspendida,8459,0.42
T000194,C00975,Crédito,Suspendida,1187,0.91
T000195,C00300,Crédito,Suspendida,8004,0.51
T000196,C00740,Crédito,Activa,7989,0.19
T000197,C00783,Débito,Suspendida,5917,0.08
T000198,C00043,Débito,Suspendida,3398,0.7
T000199,C00944,Débito,Activa,5574,0.38
T000200,C00343,Débito,Suspendida,4990,0.82
T000201,C00326,Crédito,Activa,7383,0.66
T000202,C00814,Débito,Suspendida,2724,0.8
T000203,C00498,Crédito,Activa,9477,0.27
T000204,C00364,Crédito,Cancelada,2679,0.69
T000205,C00891,Débito,Suspendida,5354,0.26
T000206,C00427,Débito,Activa,978,0.94
T000207,C00021,Débito,Cancelada,9977,0.64
T000208,C00407,Crédito,Suspendida,1692,0.32
T000209,C00619,Débito,Activa,860,0.27
T000210,C00336,Débito,Activa,1548,0.19
T000211,C00815,Crédito,Cancelada,9691,0.69
T000212,C00117,Crédito,Suspendida,8051,0.22
T000213,C00124,Débito,Activa,7356,0.6
T000214,C00399,Crédito,Cancelada,2244,0.26
T000215,C00793,Crédito,Cancelada,7568,0.66
T000216,C00804,Crédito,Activa,3716,0.81
T000217,C00715,Crédito,Suspendida,9450,0.78
T000218,C00051,Débito,Cancelada,9368,0.76
T000219,C00783,Crédito,Suspendida,4777,0.19
T000220,C00324,Débito,Activa,927,0.09
T000221,C00789,Débito,Activa,7668,0.7
T000222,C00141,Débito,Activa,542,0.37
T000223,C00470,Débito,Activa,1647,0.43
T000224,C00787,Crédito,Cancelada,6781,0.03
T000225,C00802,Crédito,Cancelada,6517,0.26
T000226,C00334,Débito,Suspendida,726,0.03
T000227,C00893,Crédito,Suspendida,6948,0.88
T000228,C00964,Crédito,Activa,605,0.24
T000229,C00373,Crédito,Suspendida,8186,0.56
T000230,C00564,Crédito,Activa,9965,0.04
T000231,C00494,Crédito,Cancelada,3940,0.67
T000232,C00539,Crédito,Cancelada,2046,0.32
T000233,C00669,Crédito,Activa,1678,0.9
T000234,C00751,Débito,Activa,971,0.89
T000235,C00156,Crédito,Cancelada,5725,0.33
T000236,C00291,Débito,Suspendida,8970,0.9
T000237,C00648,Crédito,Suspendida,393,1.0
T000238,C00144,Débito,Activa,2207,0.83
T000239,C00106,Débito,Cancelada,1385,0.84
T000240,C00420,Crédito,Suspendida,2594,0.25
T000241,C00670,Crédito,Suspendida,9502,0.58
T000242,C00658,Crédito,Cancelada,4205,0.07
T000243,C00002,Crédito,Activa,7629,0.09
T000244,C00945,Crédito,Cancelada,2461,1.0
T000245,C00589,Débito,Cancelada,3936,0.33
T000246,C00644,Crédito,Suspendida,6916,0.75
T000247,C00090,Crédito,Suspendida,5075,0.81
T000248,C00345,Crédito,Suspendida,9121,0.86
T000249,C00350,Débito,Suspendida,4578,1.0
T000250,C00459,Débito,Cancelada,8015,0.24
T000251,C00263,Crédito,Activa,3651,0.04
T000252,C00351,Crédito,Cancelada,7816,0.41
T000253,C00108,Crédito,Activa,3000,0.13
T000254,C00586,Débito,Activa,8533,0.02
T000255,C00039,Débito,Suspendida,5610,0.36
T000256,C00909,Débito,Cancelada,1655,0.78
T000257,C00159,Crédito,Suspendida,7092,0.57
T000258,C00583,Débito,Activa,6008,0.31
T000259,C00959,Crédito,Cancelada,6996,0.65
T000260,C00312,Crédito,Cancelada,4996,0.23
T000261,C00241,Crédito,Suspendida,5293,0.01
T000262,C00938,Crédito,Suspendida,1525,0.76
T000263,C00445,Crédito,Cancelada,5176,0.62
T000264,C00298,Crédito,Suspendida,9605,0.76
T000265,C00952,Crédito,Suspendida,1359,0.04
T000266,C00036,Crédito,Activa,4850,0.84
T000267,C00084,Crédito,Cancelada,5187,0.62
T000268,C00452,Crédito,Cancelada,4897,0.56
T000269,C00886,Débito,Activa,540,0.62
T000270,C00775,Débito,Suspendida,4028,0.86
T000271,C00822,Débito,Cancelada,2168,0.59
T000272,C00385,Débito,Suspendida,903,0.58
T000273,C00172,Débito,Activa,5682,0.99
T000274,C00376,Crédito,Suspendida,6576,0.76
T000275,C00685,Débito,Suspendida,2000,0.44
T000276,C00362,Débito,Cancelada,5663,0.71
T000277,C00559,Débito,Activa,5112,0.39
T000278,C00891,Crédito,Activa,4848,0.23
T000279,C00141,Débito,Cancelada,1055,0.6
T000280,C00887,Débito,Activa,3066,0.93
T000281,C00918,Débito,Suspendida,382,0.93
T000282,C00118,Crédito,Cancelada,3312,0.34
T000283,C00277,Débito,Activa,5870,0.53
T000284,C00726,Débito,Suspendida,4692,0.21
T000285,C00220,Crédito,Cancelada,6023,1.0
T000286,C00905,Débito,Suspendida,1717,0.98
T000287,C00026,Débito,Activa,5202,0.65
T000288,C00521,Crédito,Cancelada,1556,0.8
T000289,C00783,Débito,Cancelada,3829,0.72
T000290,C00010,Débito,Suspendida,3828,0.59
T000291,C00984,Crédito,Suspendida,8410,0.05
T000292,C00378,Crédito,Activa,6332,0.45
T000293,C00633,Débito,Cancelada,9524,0.67
T000294,C00637,Débito,Suspendida,6788,0.68
T000295,C00682,Crédito,Cancelada,3511,0.37
T000296,C00584,Crédito,Activa,6248,0.94
T000297,C00152,Débito,Activa,6446,0.17
T000298,C00720,Débito,Activa,1187,0.5
T000299,C00049,Débito,Activa,3521,0.69
T000300,C00154,Débito,Activa,4815,0.7
T000301,C00859,Débito,Cancelada,8565,0.65
T000302,C00293,Crédito,Cancelada,3941,0.28
T000303,C00580,Crédito,Activa,3252,0.16
T000304,C00050,Crédito,Suspendida,6774,0.64
T000305,C00664,Crédito,Suspendida,926,0.6
T000306,C00531,Crédito,Activa,3960,0.18
T000307,C00612,Crédito,Cancelada,6006,0.71
T000308,C00060,Débito,Cancelada,2075,0.46
T000309,C00167,Débito,Suspendida,7193,0.67
T000310,C00202,Crédito,Suspendida,4233,0.84
T000311,C00857,Crédito,Cancelada,5643,0.17
T000312,C00146,Crédito,Suspendida,1189,0.02
T000313,C00915,Crédito,Activa,3944,0.78
T000314,C00676,Crédito,Activa,8811,0.61
T000315,C00970,Débito,Suspendida,793,0.7
T000316,C00993,Débito,Activa,1974,0.84
T000317,C00439,Crédito,Suspendida,1135,0.8
T000318,C00242,Crédito,Cancelada,4008,0.96
T000319,C00581,Crédito,Activa,531,0.54
T000320,C00687,Crédito,Suspendida,8122,0.49
T000321,C00561,Crédito,Activa,2902,0.4
T000322,C00483,Débito,Activa,6089,0.15
T000323,C00108,Crédito,Cancelada,5254,0.57
T000324,C00226,Débito,Cancelada,4068,0.28
T000325,C00673,Débito,Cancelada,4400,0.92
T000326,C00631,Débito,Suspendida,401,0.58
T000327,C00661,Crédito,Cancelada,2697,0.59
T000328,C00977,Crédito,Cancelada,2042,0.35
T000329,C00662,Crédito,Activa,9301,0.05
T000330,C00432,Débito,Cancelada,4858,0.03
T000331,C00805,Crédito,Cancelada,7744,0.42
T000332,C00655,Crédito,Activa,7918,0.08
T000333,C00419,Crédito,Activa,970,0.61
T000334,C00988,Débito,Activa,3355,0.88
T000335,C00455,Crédito,Cancelada,1828,0.88
T000336,C00160,Crédito,Activa,586,0.66
T000337,C00523,Débito,Suspendida,6231,0.21
T000338,C00650,Débito,Cancelada,6639,0.86
T000339,C00969,Crédito,Activa,6601,0.89
T000340,C00590,Débito,Suspendida,4208,0.2
T000341,C00077,Crédito,Cancelada,2666,0.74
T000342,C00509,Crédito,Activa,2482,0.29
T000343,C00441,Crédito,Activa,2056,0.8
T000344,C00254,Débito,Cancelada,8180,1.0
T000345,C00921,Débito,Cancelada,2198,0.03
T000346,C00770,Crédito,Activa,5676,0.9
T000347,C00320,Crédito,Activa,9628,0.62
T000348,C00803,Débito,Activa,4869,0.97
T000349,C00263,Crédito,Cancelada,9542,0.47
T000350,C00597,Débito,Activa,4518,0.85
T000351,C00658,Crédito,Suspendida,7264,0.06
T000352,C00835,Débito,Activa,7646,0.34
T000353,C00554,Crédito,Suspendida,1631,0.07
T000354,C00374,Crédito,Cancelada,5824,0.98
T000355,C00637,Crédito,Activa,7661,0.82
T000356,C00167,Crédito,Cancelada,2019,0.85
T000357,C00937,Débito,Activa,1330,0.94
T000358,C00753,Débito,Activa,6763,0.09
T000359,C00459,Débito,Activa,2858,0.39
T000360,C00999,Débito,Suspendida,3700,0.07
T000361,C00280,Crédito,Cancelada,8766,0.21
T000362,C00700,Débito,Cancelada,2320,0.23
T000363,C00302,Crédito,Activa,4220,0.47
T000364,C00531,Crédito,Activa,3459,0.27
T000365,C00580,Crédito,Activa,2023,0.1
T000366,C00218,Crédito,Suspendida,1674,0.17
T000367,C00102,Débito,Suspendida,2442,0.15
T000368,C00554,Crédito,Cancelada,3443,0.97
T000369,C00288,Débito,Cancelada,7190,0.76
T000370,C00167,Débito,Suspendida,5360,0.97
T000371,C00621,Débito,Suspendida,3334,0.44
T000372,C00036,Débito,Activa,2270,0.28
T000373,C00744,Débito,Cancelada,559,0.8
T000374,C00741,Débito,Cancelada,1341,0.33
T000375,C00353,Crédito,Cancelada,1835,0.3
T000376,C00676,Crédito,Activa,4200,0.23
T000377,C00899,Débito,Suspendida,3561,0.13
T000378,C00073,Crédito,Activa,6783,0.26
T000379,C00648,Débito,Activa,8035,0.36
T000380,C00353,Débito,Cancelada,206,0.67
T000381,C00891,Débito,Activa,3467,0.06
T000382,C00070,Débito,Suspendida,6764,0.21
T000383,C00425,Débito,Activa,9983,0.81
T000384,C00999,Crédito,Activa,5128,0.15
T000385,C00708,Débito,Suspendida,2806,0.34
T000386,C00781,Crédito,Activa,6106,0.86
T000387,C00561,Crédito,Suspendida,3473,0.15
T000388,C00828,Crédito,Activa,7811,0.08
T000389,C00642,Crédito,Cancelada,1113,0.48
T000390,C00956,Crédito,Suspendida,2211,0.3
T000391,C00517,Crédito,Cancelada,1642,0.56
T000392,C00428,Débito,Activa,5746,0.8
T000393,C00539,Crédito,Suspendida,2029,0.14
T000394,C00160,Débito,Activa,8967,0.58
T000395,C00149,Débito,Cancelada,6668,0.51
T000396,C00776,Débito,Activa,1129,0.14
T000397,C00230,Crédito,Activa,3899,0.62
T000398,C00712,Crédito,Activa,9855,0.27
T000399,C00562,Débito,Cancelada,1254,0.49
T000400,C00067,Crédito,Cancelada,5944,0.08
T000401,C00812,Débito,Suspendida,2100,0.46
T000402,C00381,Débito,Activa,9849,0.31
T000403,C00058,Crédito,Activa,7180,0.82
T000404,C00259,Crédito,Suspendida,7269,0.06
T000405,C00342,Débito,Activa,9791,0.42
T000406,C00838,Débito,Activa,3615,0.46
T000407,C00130,Débito,Activa,642,0.73
T000408,C00727,Crédito,Activa,6418,0.57
T000409,C00172,Crédito,Activa,4852,0.67
T000410,C00770,Débito,Cancelada,8139,0.78
T000411,C00614,Débito,Cancelada,8033,0.86
T000412,C00209,Débito,Cancelada,9570,0.31
T000413,C00803,Crédito,Suspendida,7797,0.54
T000414,C00354,Débito,Suspendida,4658,0.84
T000415,C00471,Débito,Cancelada,6791,0.99
T000416,C00798,Crédito,Suspendida,9649,0.89
T000417,C00116,Crédito,Cancelada,2509,0.37
T000418,C00264,Crédito,Activa,6468,0.2
T000419,C00662,Crédito,Activa,1110,0.49
T000420,C00812,Débito,Activa,4540,0.74
T000421,C00442,Débito,Cancelada,4209,0.49
T000422,C00548,Débito,Suspendida,6828,0.48
T000423,C00453,Crédito,Cancelada,2369,0.84
T000424,C00845,Crédito,Suspendida,2372,0.36
T000425,C00477,Crédito,Suspendida,5868,0.86
T000426,C00287,Débito,Activa,6513,0.41
T000427,C00303,Crédito,Activa,8515,0.33
T000428,C00311,Débito,Cancelada,8236,0.45
T000429,C00208,Débito,Cancelada,6989,0.76
T000430,C00618,Débito,Activa,985,0.13
T000431,C00446,Débito,Cancelada,6339,0.2
T000432,C00670,Crédito,Activa,6544,0.95
T000433,C00633,Crédito,Cancelada,2616,0.18
T000434,C00055,Débito,Suspendida,9188,0.57
T000435,C00912,Débito,Cancelada,4354,0.58
T000436,C00012,Crédito,Activa,5819,0.49
T000437,C00657,Débito,Cancelada,2136,0.64
T000438,C00400,Crédito,Suspendida,4007,0.23
T000439,C00908,Débito,Suspendida,7351,0.55
T000440,C00648,Débito,Suspendida,9693,0.37
T000441,C00980,Débito,Activa,3436,0.66
T000442,C00515,Crédito,Cancelada,2552,0.14
T000443,C00656,Débito,Activa,2132,0.57
T000444,C00542,Crédito,Activa,8756,0.19
T000445,C00237,Débito,Activa,5116,0.28
T000446,C00279,Débito,Cancelada,5698,0.22
T000447,C00348,Débito,Activa,1146,0.18
T000448,C00627,Crédito,Cancelada,9769,0.83
T000449,C00104,Débito,Suspendida,1639,0.29
T000450,C00630,Crédito,Cancelada,7930,0.93
T000451,C00517,Débito,Cancelada,5057,0.97
T000452,C00980,Débito,Activa,540,0.57
T000453,C00872,Crédito,Suspendida,582,0.14
T000454,C00248,Débito,Cancelada,9948,0.37
T000455,C00364,Débito,Cancelada,8691,0.8
T000456,C00321,Débito,Activa,338,0.37
T000457,C00633,Crédito,Suspendida,558,0.09
T000458,C00286,Débito,Activa,5131,0.56
T000459,C00149,Crédito,Activa,9914,0.85
T000460,C00084,Crédito,Activa,3656,0.8
T000461,C00966,Crédito,Activa,1827,0.18
T000462,C00406,Débito,Cancelada,9695,0.67
T000463,C00978,Débito,Suspendida,6826,0.22
T000464,C00456,Crédito,Suspendida,5204,0.22
T000465,C00743,Crédito,Activa,9526,0.87
T000466,C00800,Débito,Activa,6852,0.25
T000467,C00161,Crédito,Cancelada,6616,0.26
T000468,C00784,Débito,Activa,3370,0.0
T000469,C00460,Crédito,Activa,4035,0.87
T000470,C00550,Crédito,Cancelada,8217,0.79
T000471,C00500,Crédito,Suspendida,2351,0.63
T000472,C00738,Crédito,Suspendida,9629,0.75
T000473,C00509,Débito,Activa,7105,0.15
T000474,C00654,Débito,Suspendida,3034,0.46
T000475,C00804,Crédito,Suspendida,9390,0.35
T000476,C00481,Crédito,Suspendida,2767,0.09
T000477,C00663,Crédito,Cancelada,1507,0.49
T000478,C00114,Crédito,Suspendida,9048,0.92
T000479,C00749,Débito,Activa,2860,0.04
T000480,C00578,Débito,Activa,3930,0.29
T000481,C00361,Débito,Cancelada,6407,0.21
T000482,C00341,Crédito,Activa,3362,0.24
T000483,C00770,Crédito,Cancelada,1340,0.91
T000484,C00987,Crédito,Activa,8658,0.47
T000485,C00761,Crédito,Activa,1908,0.47
T000486,C00969,Crédito,Activa,3830,0.76
T000487,C00449,Débito,Suspendida,3411,0.15
T000488,C00843,Crédito,Cancelada,6738,0.49
T000489,C00835,Débito,Activa,9902,0.43
T000490,C00180,Débito,Activa,675,0.6
T000491,C00702,Crédito,Activa,7884,1.0
T000492,C00407,Débito,Cancelada,9368,0.77
T000493,C00666,Crédito,Suspendida,1407,0.4
T000494,C00196,Débito,Cancelada,2160,0.83
T000495,C00466,Crédito,Cancelada,757,0.17
T000496,C00311,Débito,Suspendida,1082,0.03
T000497,C00262,Crédito,Suspendida,4961,0.2
T000498,C00419,Débito,Activa,6067,0.34
T000499,C00406,Crédito,Cancelada,7163,0.51
T000500,C00939,Crédito,Cancelada,7366,0.62
T000501,C00143,Crédito,Suspendida,8129,0.91
T000502,C00342,Crédito,Activa,5547,0.51
T000503,C00316,Débito,Activa,7469,0.5
T000504,C00101,Débito,Suspendida,8325,0.05
T000505,C00244,Débito,Activa,2654,0.03
T000506,C00490,Débito,Activa,4694,0.55
T000507,C00012,Débito,Activa,2146,0.44
T000508,C00239,Débito,Cancelada,3008,0.84
T000509,C00561,Débito,Suspendida,6842,0.16
T000510,C00042,Débito,Activa,4025,0.02
T000511,C00678,Débito,Suspendida,3736,0.45
T000512,C00594,Crédito,Activa,6268,0.24
T000513,C00429,Débito,Activa,4002,0.05
T000514,C00803,Débito,Suspendida,4899,0.72
T000515,C00158,Débito,Cancelada,2170,0.11
T000516,C00216,Crédito,Suspendida,6006,0.61
T000517,C00670,Crédito,Activa,6342,0.28
T000518,C00462,Crédito,Suspendida,3019,0.17
T000519,C00134,Débito,Activa,9294,0.38
T000520,C00067,Crédito,Activa,564,0.8
T000521,C00848,Débito,Cancelada,4458,0.39
T000522,C00007,Débito,Suspendida,3319,0.75
T000523,C00948,Débito,Activa,2063,0.13
T000524,C00526,Débito,Suspendida,315,0.77
T000525,C00073,Crédito,Suspendida,7284,0.24
T000526,C00399,Débito,Activa,8216,0.68
T000527,C00405,Crédito,Suspendida,2584,0.57
T000528,C00675,Débito,Cancelada,4135,0.93
T000529,C00578,Crédito,Activa,7942,0.39
T000530,C00859,Crédito,Cancelada,5642,0.07
T000531,C00130,Crédito,Suspendida,2690,0.02
T000532,C00931,Débito,Suspendida,7180,0.83
T000533,C00466,Crédito,Activa,9334,0.52
T000534,C00206,Débito,Suspendida,7861,0.78
T000535,C00788,Débito,Activa,1924,0.23
T000536,C00978,Crédito,Activa,8382,0.35
T000537,C00768,Débito,Cancelada,2967,0.03
T000538,C00266,Débito,Cancelada,1337,0.96
T000539,C00537,Débito,Activa,4317,0.67
T000540,C00962,Débito,Suspendida,3620,0.93
T000541,C00793,Débito,Activa,6045,0.27
T000542,C00253,Crédito,Activa,4978,0.61
T000543,C00822,Débito,Suspendida,4106,0.68
T000544,C00289,Débito,Suspendida,3837,0.32
T000545,C00164,Débito,Suspendida,3153,0.85
T000546,C00095,Débito,Activa,6129,0.95
T000547,C00782,Crédito,Suspendida,476,0.88
T000548,C00833,Débito,Activa,2199,0.74
T000549,C00110,Crédito,Suspendida,1427,0.28
T000550,C00336,Crédito,Cancelada,6537,0.28
T000551,C00822,Crédito,Activa,3935,0.96
T000552,C00238,Débito,Cancelada,895,0.01
T000553,C00381,Débito,Cancelada,9701,0.72
T000554,C00436,Débito,Activa,4352,0.71
T000555,C00899,Crédito,Cancelada,8101,0.62
T000556,C00483,Crédito,Cancelada,7670,0.99
T000557,C00937,Débito,Activa,7737,0.31
T000558,C00902,Crédito,Activa,3041,0.34
T000559,C00025,Crédito,Suspendida,4408,0.08
T000560,C00653,Crédito,Cancelada,8933,0.44
T000561,C00117,Crédito,Suspendida,1288,0.26
T000562,C00482,Crédito,Activa,3563,0.34
T000563,C00392,Crédito,Cancelada,224,0.83
T000564,C00917,Crédito,Suspendida,9964,0.94
T000565,C00994,Crédito,Suspendida,6344,0.19
T000566,C00964,Débito,Suspendida,5868,0.37
T000567,C00537,Débito,Activa,4436,0.93
T000568,C00079,Crédito,Cancelada,8268,0.06
T000569,C00580,Crédito,Suspendida,2435,0.09
T000570,C00173,Crédito,Cancelada,7495,0.16
T000571,C00956,Crédito,Activa,8592,0.6
T000572,C00012,Crédito,Activa,8648,0.15
T000573,C00800,Crédito,Suspendida,3947,0.97
T000574,C00128,Débito,Suspendida,3375,0.45
T000575,C00608,Débito,Cancelada,5097,0.5
T000576,C00092,Crédito,Activa,5237,0.25
T000577,C00653,Débito,Cancelada,7627,0.47
T000578,C00543,Débito,Activa,8805,0.66
T000579,C00846,Crédito,Cancelada,2214,0.75
T000580,C00532,Débito,Activa,1581,0.75
T000581,C00658,Crédito,Suspendida,1298,0.58
T000582,C00989,Débito,Activa,3626,0.9
T000583,C00828,Débito,Activa,3855,0.82
T000584,C00447,Crédito,Suspendida,8138,0.76
T000585,C00390,Débito,Cancelada,9301,0.06
T000586,C00672,Crédito,Cancelada,387,0.01
T000587,C00861,Débito,Activa,5609,0.21
T000588,C00043,Débito,Suspendida,2292,0.66
T000589,C00254,Débito,Cancelada,2330,0.41
T000590,C00130,Crédito,Suspendida,5442,0.4
T000591,C00060,Crédito,Suspendida,8749,0.88
T000592,C00663,Débito,Cancelada,5847,0.9
T000593,C00467,Débito,Activa,5385,0.91
T000594,C00287,Crédito,Suspendida,5976,0.31
T000595,C00517,Crédito,Suspendida,8113,0.69
T000596,C00467,Débito,Activa,7747,0.27
T000597,C00930,Débito,Activa,8023,0.19
T000598,C00778,Crédito,Cancelada,7555,0.18
T000599,C00345,Crédito,Activa,6665,0.34
T000600,C00642,Débito,Cancelada,1697,0.43
T000601,C00382,Crédito,Cancelada,2755,0.83
T000602,C00779,Débito,Suspendida,5609,0.12
T000603,C00690,Débito,Activa,3151,0.73
T000604,C00253,Crédito,Activa,1438,0.53
T000605,C00927,Crédito,Suspendida,9365,0.29
T000606,C00056,Débito,Suspendida,4927,0.49
T000607,C00463,Crédito,Activa,4165,0.3
T000608,C00457,Débito,Cancelada,5886,0.6
T000609,C00983,Crédito,Activa,9442,0.43
T000610,C00083,Débito,Activa,3901,0.16
T000611,C00905,Crédito,Suspendida,2980,0.12
T000612,C00099,Débito,Cancelada,7598,0.55
T000613,C00149,Débito,Suspendida,1788,0.9
T000614,C00329,Crédito,Activa,2568,0.34
T000615,C00156,Crédito,Cancelada,5989,0.73
T000616,C00190,Crédito,Suspendida,636,0.66
T000617,C00494,Crédito,Cancelada,3028,0.93
T000618,C00883,Débito,Cancelada,1756,0.82
T000619,C00263,Débito,Cancelada,7770,0.57
T000620,C00080,Débito,Activa,7680,0.66
T000621,C00400,Crédito,Suspendida,9696,0.9
T000622,C00764,Débito,Suspendida,382,0.4
T000623,C00609,Crédito,Activa,7390,0.33
T000624,C00260,Débito,Cancelada,6887,0.01
T000625,C00772,Crédito,Suspendida,5765,0.83
T000626,C00615,Débito,Activa,7441,0.8
T000627,C00552,Crédito,Suspendida,7851,0.1
T000628,C00785,Débito,Cancelada,5775,0.58
T000629,C00101,Débito,Suspendida,1789,0.46
T000630,C00359,Débito,Cancelada,9979,0.12
T000631,C00380,Crédito,Cancelada,9051,0.98
T000632,C00820,Crédito,Activa,359,0.21
T000633,C00221,Débito,Cancelada,6755,0.07
T000634,C00820,Débito,Activa,9403,0.59
T000635,C00420,Crédito,Suspendida,8444,0.74
T000636,C00124,Crédito,Cancelada,7046,0.03
T000637,C00422,Crédito,Suspendida,2507,0.66
T000638,C00231,Débito,Cancelada,1428,0.53
T000639,C00690,Débito,Activa,7426,0.1
T000640,C00063,Crédito,Suspendida,5790,0.17
T000641,C00485,Débito,Suspendida,7119,0.57
T000642,C00628,Crédito,Suspendida,5785,0.3
T000643,C00703,Débito,Cancelada,9427,0.94
T000644,C00574,Crédito,Cancelada,6246,0.82
T000645,C00768,Crédito,Cancelada,5145,0.98
T000646,C00483,Débito,Cancelada,8127,0.26
T000647,C00519,Crédito,Activa,7216,0.97
T000648,C00155,Crédito,Cancelada,7958,0.43
T000649,C00092,Débito,Activa,5286,0.35
T000650,C00982,Débito,Cancelada,9656,0.05
T000651,C00526,Crédito,Suspendida,7361,0.05
T000652,C00455,Débito,Cancelada,2084,0.69
T000653,C00741,Crédito,Activa,2009,0.46
T000654,C00598,Crédito,Cancelada,3367,0.23
T000655,C00645,Débito,Cancelada,6552,0.61
T000656,C00510,Débito,Suspendida,9209,0.25
T000657,C00183,Débito,Activa,6256,0.58
T000658,C00386,Débito,Activa,2637,0.36
T000659,C00574,Crédito,Suspendida,6668,0.82
T000660,C00731,Crédito,Suspendida,9280,0.82
T000661,C00405,Crédito,Suspendida,6151,0.48
T000662,C00246,Débito,Cancelada,5476,0.35
T000663,C00742,Débito,Activa,9059,0.36
T000664,C00591,Crédito,Suspendida,8018,0.81
T000665,C00661,Crédito,Suspendida,4928,0.33
T000666,C00650,Crédito,Activa,2824,0.21
T000667,C00471,Crédito,Cancelada,5938,0.08
T000668,C00826,Débito,Cancelada,4432,0.47
T000669,C00888,Crédito,Cancelada,5993,0.48
T000670,C00423,Crédito,Activa,4723,0.84
T000671,C00901,Débito,Cancelada,5771,0.22
T000672,C00065,Crédito,Cancelada,9210,0.38
T000673,C00013,Débito,Activa,9498,0.81
T000674,C00213,Crédito,Activa,2424,0.82
T000675,C00986,Crédito,Suspendida,8589,0.38
T000676,C00242,Débito,Activa,6291,0.46
T000677,C00493,Crédito,Cancelada,8862,0.3
T000678,C00213,Débito,Activa,6561,0.93
T000679,C00693,Débito,Cancelada,2148,0.12
T000680,C00338,Débito,Suspendida,7294,0.93
T000681,C00997,Crédito,Cancelada,6518,0.68
T000682,C00173,Débito,Cancelada,3996,0.53
T000683,C00672,Débito,Cancelada,434,0.03
T000684,C00164,Débito,Activa,9320,0.48
T000685,C00465,Débito,Cancelada,3807,0.41
T000686,C00995,Débito,Activa,8243,0.16
T000687,C00497,Débito,Suspendida,722,0.66
T000688,C00700,Crédito,Suspendida,6104,0.97
T000689,C00395,Débito,Suspendida,5088,0.56
T000690,C00703,Crédito,Cancelada,6032,0.71
T000691,C00917,Débito,Cancelada,7322,0.07
T000692,C00308,Crédito,Suspendida,6042,0.42
T000693,C00768,Crédito,Suspendida,1516,0.12
T000694,C00183,Crédito,Activa,1324,0.61
T000695,C00629,Débito,Activa,5821,0.94
T000696,C00794,Crédito,Suspendida,5623,0.66
T000697,C00510,Débito,Suspendida,2787,0.08
T000698,C00708,Débito,Suspendida,9415,0.35
T000699,C00546,Débito,Suspendida,5872,0.55
T000700,C00564,Crédito,Cancelada,1578,0.4
T000701,C00624,Crédito,Cancelada,3574,0.83
T000702,C00764,Débito,Activa,1719,0.81
T000703,C00594,Débito,Suspendida,5977,0.61
T000704,C00744,Crédito,Cancelada,8135,0.37
T000705,C00227,Débito,Cancelada,6293,0.26
T000706,C00745,Crédito,Cancelada,8618,0.11
T000707,C00733,Débito,Cancelada,5555,0.35
T000708,C00436,Débito,Suspendida,5168,0.41
T000709,C00925,Crédito,Suspendida,9283,0.68
T000710,C00422,Débito,Cancelada,5774,0.66
T000711,C00554,Crédito,Suspendida,4272,0.07
T000712,C00021,Débito,Cancelada,2457,0.4
T000713,C00554,Crédito,Cancelada,8788,0.18
T000714,C00397,Débito,Activa,4624,0.16
T000715,C00625,Débito,Activa,3437,0.83
T000716,C00105,Crédito,Suspendida,4093,0.04
T000717,C00192,Crédito,Activa,2205,0.42
T000718,C00017,Crédito,Activa,2216,0.17
T000719,C00120,Débito,Suspendida,9588,0.88
T000720,C00393,Débito,Activa,1972,0.56
T000721,C00425,Crédito,Suspendida,8553,0.23
T000722,C00129,Crédito,Activa,4176,0.5
T000723,C00130,Débito,Activa,1951,0.73
T000724,C00572,Crédito,Activa,9167,0.96
T000725,C00560,Débito,Suspendida,7630,0.22
T000726,C00029,Crédito,Activa,7370,0.89
T000727,C00097,Crédito,Cancelada,6669,0.93
T000728,C00010,Débito,Activa,9331,0.92
T000729,C00242,Débito,Suspendida,3420,0.64
T000730,C00826,Débito,Activa,739,0.63
T000731,C00956,Crédito,Activa,1661,0.4
T000732,C00232,Débito,Cancelada,5384,0.75
T000733,C00789,Débito,Cancelada,8747,0.53
T000734,C00284,Débito,Activa,434,0.68
T000735,C00715,Crédito,Suspendida,1748,0.43
T000736,C00759,Crédito,Suspendida,7680,0.73
T000737,C00802,Crédito,Cancelada,4413,0.82
T000738,C00776,Crédito,Cancelada,1873,0.15
T000739,C00955,Débito,Activa,6908,0.83
T000740,C00726,Débito,Suspendida,8182,0.54
T000741,C00200,Crédito,Suspendida,2300,0.84
T000742,C00945,Crédito,Suspendida,3948,0.43
T000743,C00079,Crédito,Suspendida,3373,0.38
T000744,C00913,Crédito,Cancelada,2015,0.92
T000745,C00956,Débito,Cancelada,4041,0.25
T000746,C00855,Crédito,Activa,8216,0.84
T000747,C00856,Débito,Suspendida,7211,0.48
T000748,C00173,Crédito,Activa,4693,0.51
T000749,C00467,Crédito,Activa,874,0.31
T000750,C00581,Débito,Activa,8288,0.57
T000751,C00416,Crédito,Activa,8778,0.33
T000752,C00940,Débito,Cancelada,2358,0.04
T000753,C00449,Débito,Cancelada,2861,0.27
T000754,C00087,Crédito,Suspendida,2264,0.01
T000755,C00101,Crédito,Suspendida,3453,0.98
T000756,C00008,Débito,Cancelada,5179,0.97
T000757,C00845,Débito,Suspendida,7903,0.4
T000758,C00200,Crédito,Cancelada,9131,0.73
T000759,C00505,Débito,Cancelada,1601,0.35
T000760,C00087,Crédito,Suspendida,3459,0.67
T000761,C00043,Débito,Suspendida,4123,0.81
T000762,C00385,Débito,Cancelada,4414,0.95
T000763,C00621,Crédito,Cancelada,3427,0.4
T000764,C00435,Crédito,Cancelada,2945,0.78
T000765,C00408,Crédito,Cancelada,6291,0.27
T000766,C00483,Crédito,Cancelada,4066,0.99
T000767,C00664,Débito,Suspendida,6018,0.03
T000768,C00017,Débito,Suspendida,2422,0.6
T000769,C00645,Débito,Suspendida,2992,0.66
T000770,C00148,Débito,Cancelada,4263,0.69
T000771,C00277,Débito,Activa,1724,0.12
T000772,C00232,Crédito,Suspendida,8424,0.94
T000773,C00826,Débito,Activa,6398,0.18
T000774,C00927,Crédito,Suspendida,4225,0.62
T000775,C00366,Débito,Activa,2766,0.22
T000776,C00228,Débito,Suspendida,3003,0.31
T000777,C00651,Crédito,Suspendida,3909,0.55
T000778,C00436,Débito,Suspendida,6355,0.42
T000779,C00399,Débito,Activa,919,0.16
T000780,C00211,Débito,Activa,6716,0.17
T000781,C00391,Crédito,Suspendida,4779,0.42
T000782,C00499,Débito,Suspendida,1172,0.76
T000783,C00540,Débito,Suspendida,3918,0.9
T000784,C00563,Crédito,Activa,7595,0.08
T000785,C00491,Crédito,Cancelada,4602,0.39
T000786,C00442,Crédito,Activa,4752,0.1
T000787,C00261,Crédito,Cancelada,2407,0.02
T000788,C00773,Crédito,Cancelada,4626,0.66
T000789,C00350,Crédito,Suspendida,7119,0.6
T000790,C00352,Débito,Activa,9035,0.16
T000791,C00520,Débito,Activa,8586,0.23
T000792,C00320,Débito,Cancelada,8880,0.02
T000793,C00138,Débito,Cancelada,2404,0.83
T000794,C00550,Débito,Cancelada,5545,0.97
T000795,C00623,Débito,Activa,3476,0.14
T000796,C00992,Crédito,Activa,1302,0.23
T000797,C00368,Débito,Activa,5443,0.87
T000798,C00220,Débito,Activa,6814,0.93
T000799,C00337,Débito,Activa,9633,0.42
T000800,C00223,Débito,Suspendida,8907,0.05
T000801,C00648,Crédito,Cancelada,5423,0.04
T000802,C00768,Débito,Activa,8784,0.57
T000803,C00360,Crédito,Suspendida,830,0.39
T000804,C00921,Débito,Suspendida,9371,0.03
T000805,C00329,Crédito,Suspendida,6883,0.58
T000806,C00962,Crédito,Activa,477,0.01
T000807,C00463,Débito,Activa,432,0.79
T000808,C00946,Crédito,Cancelada,9944,0.31
T000809,C00963,Crédito,Cancelada,5890,0.04
T000810,C00561,Crédito,Activa,7859,0.59
T000811,C00804,Débito,Cancelada,225,0.4
T000812,C00382,Débito,Suspendida,7668,0.97
T000813,C00836,Débito,Suspendida,6610,0.54
T000814,C00590,Débito,Activa,8852,0.28
T000815,C00617,Débito,Suspendida,3964,0.71
T000816,C00169,Crédito,Suspendida,6799,0.27
T000817,C00217,Débito,Cancelada,5302,0.9
T000818,C00378,Crédito,Activa,7206,0.37
T000819,C00119,Crédito,Cancelada,3683,0.55
T000820,C00190,Débito,Suspendida,2194,0.05
T000821,C00767,Débito,Activa,8882,0.43
T000822,C00370,Débito,Activa,1272,0.83
T000823,C00778,Débito,Suspendida,6907,0.81
T000824,C00149,Débito,Suspendida,415,0.22
T000825,C00676,Crédito,Activa,7805,0.23
T000826,C00652,Crédito,Suspendida,9984,0.82
T000827,C00859,Crédito,Suspendida,2806,0.93
T000828,C00488,Crédito,Activa,8550,0.1
T000829,C00770,Débito,Activa,4981,0.45
T000830,C00374,Crédito,Cancelada,3513,0.34
T000831,C00781,Crédito,Cancelada,7963,0.87
T000832,C00693,Débito,Cancelada,6139,0.08
T000833,C00160,Crédito,Suspendida,2495,0.21
T000834,C00351,Crédito,Cancelada,5885,0.75
T000835,C00912,Crédito,Cancelada,1896,0.05
T000836,C00288,Débito,Suspendida,2146,0.49
T000837,C00288,Débito,Suspendida,2983,0.44
T000838,C00892,Crédito,Suspendida,3844,0.33
T000839,C00226,Crédito,Cancelada,5441,0.39
T000840,C00523,Débito,Cancelada,6620,0.53
T000841,C00522,Débito,Activa,7757,0.16
T000842,C00783,Crédito,Cancelada,2845,0.57
T000843,C00273,Débito,Cancelada,6789,0.81
T000844,C00936,Crédito,Suspendida,6553,0.76
T000845,C00402,Débito,Suspendida,2132,0.15
T000846,C00183,Débito,Cancelada,1957,0.15
T000847,C00969,Crédito,Activa,5285,0.27
T000848,C00665,Crédito,Cancelada,5837,0.36
T000849,C00488,Crédito,Suspendida,1316,0.41
T000850,C00827,Crédito,Activa,692,0.68
T000851,C00846,Crédito,Activa,9011,0.06
T000852,C00124,Crédito,Cancelada,8088,0.03
T000853,C00985,Débito,Cancelada,6674,0.39
T000854,C00626,Crédito,Activa,9938,0.7
T000855,C00790,Crédito,Suspendida,5158,0.19
T000856,C00414,Débito,Activa,9997,0.64
T000857,C00980,Débito,Suspendida,9667,0.26
T000858,C00725,Crédito,Cancelada,2943,0.89
T000859,C00172,Crédito,Activa,8066,0.9
T000860,C00288,Débito,Suspendida,7360,0.3
T000861,C00435,Débito,Suspendida,5651,0.23
T000862,C00686,Débito,Activa,5458,0.41
T000863,C00113,Débito,Suspendida,8748,0.24
T000864,C00888,Crédito,Activa,7386,0.67
T000865,C00917,Crédito,Cancelada,6302,0.83
T000866,C00995,Crédito,Cancelada,9261,0.67
T000867,C00122,Crédito,Activa,9277,0.82
T000868,C00544,Débito,Cancelada,9675,0.4
T000869,C00222,Débito,Cancelada,819,0.16
T000870,C00631,Crédito,Activa,1082,0.74
T000871,C00039,Débito,Suspendida,9188,0.36
T000872,C00497,Crédito,Activa,3842,0.67
T000873,C00780,Débito,Activa,1496,0.27
T000874,C00233,Crédito,Activa,8636,0.08
T000875,C00943,Crédito,Cancelada,3095,0.99
T000876,C00530,Débito,Suspendida,6793,0.16
T000877,C00149,Débito,Cancelada,1129,0.99
T000878,C00397,Débito,Cancelada,5566,0.98
T000879,C00661,Débito,Activa,8911,0.79
T000880,C00638,Crédito,Cancelada,3412,0.66
T000881,C00904,Crédito,Suspendida,2609,0.58
T000882,C00302,Débito,Activa,8399,0.87
T000883,C00360,Crédito,Suspendida,3623,0.29
T000884,C00238,Débito,Suspendida,7176,0.47
T000885,C00647,Crédito,Cancelada,7794,0.62
T000886,C00663,Crédito,Cancelada,5358,0.41
T000887,C00236,Débito,Cancelada,3867,0.43
T000888,C00736,Débito,Activa,6173,0.33
T000889,C00203,Crédito,Cancelada,6436,0.56
T000890,C00256,Débito,Suspendida,8477,0.85
T000891,C00598,Débito,Suspendida,2668,0.2
T000892,C00662,Débito,Activa,6417,0.93
T000893,C00235,Débito,Cancelada,3819,0.69
T000894,C00345,Débito,Suspendida,1836,0.82
T000895,C00534,Crédito,Suspendida,8355,0.56
T000896,C00860,Crédito,Suspendida,3783,0.78
T000897,C00797,Crédito,Suspendida,4209,0.02
T000898,C00781,Crédito,Activa,3526,0.82
T000899,C00466,Crédito,Suspendida,8348,0.04
T000900,C00770,Débito,Suspendida,2417,0.89
T000901,C00541,Débito,Suspendida,5167,0.99
T000902,C00213,Débito,Suspendida,2569,0.29
T000903,C00463,Débito,Suspendida,3838,0.21
T000904,C00436,Débito,Cancelada,9335,0.77
T000905,C00283,Crédito,Activa,5922,0.25
T000906,C00562,Débito,Activa,4644,0.87
T000907,C00607,Crédito,Cancelada,7818,0.1
T000908,C00463,Crédito,Suspendida,4147,0.13
T000909,C00407,Crédito,Cancelada,1876,0.98
T000910,C00088,Débito,Suspendida,1396,0.67
T000911,C00044,Crédito,Suspendida,2987,0.85
T000912,C00461,Débito,Suspendida,7632,0.32
T000913,C00278,Débito,Activa,9853,0.68
T000914,C00683,Crédito,Cancelada,8127,0.59
T000915,C00421,Crédito,Suspendida,3518,0.6
T000916,C00701,Crédito,Cancelada,9058,0.68
T000917,C00353,Crédito,Suspendida,6889,0.58
T000918,C00696,Débito,Activa,2376,0.43
T000919,C00515,Débito,Cancelada,3943,0.28
T000920,C00703,Débito,Cancelada,8992,0.77
T000921,C00630,Crédito,Activa,4622,0.23
T000922,C00019,Débito,Activa,4024,0.69
T000923,C00023,Débito,Activa,9371,0.23
T000924,C00413,Débito,Suspendida,2651,0.63
T000925,C00030,Débito,Suspendida,828,0.75
T000926,C00807,Débito,Cancelada,7978,0.22
T000927,C00108,Crédito,Suspendida,3896,0.06
T000928,C00367,Débito,Activa,3874,0.13
T000929,C00281,Débito,Cancelada,4129,0.61
T000930,C00128,Débito,Suspendida,2965,0.85
T000931,C00229,Crédito,Activa,4569,0.04
T000932,C00111,Crédito,Activa,8507,0.73
T000933,C00136,Débito,Suspendida,5156,0.34
T000934,C00362,Débito,Cancelada,892,0.48
T000935,C00186,Débito,Suspendida,3362,0.93
T000936,C00656,Crédito,Suspendida,1305,0.33
T000937,C00584,Débito,Activa,3208,0.47
T000938,C00129,Débito,Cancelada,2361,0.01
T000939,C00876,Crédito,Suspendida,8545,0.08
T000940,C00261,Débito,Cancelada,3899,0.26
T000941,C00515,Crédito,Cancelada,3986,0.03
T000942,C00449,Crédito,Activa,9456,0.63
T000943,C00900,Débito,Activa,4400,0.43
T000944,C00104,Débito,Activa,2113,0.55
T000945,C00483,Crédito,Suspendida,9608,0.17
T000946,C00224,Crédito,Suspendida,5720,0.3
T000947,C00832,Crédito,Cancelada,1972,0.66
T000948,C00874,Crédito,Suspendida,2980,0.97
T000949,C00866,Débito,Activa,7623,0.05
T000950,C00491,Crédito,Suspendida,3071,0.89
T000951,C00473,Débito,Cancelada,860,0.58
T000952,C00010,Crédito,Suspendida,6442,0.56
T000953,C00405,Crédito,Suspendida,1332,0.5
T000954,C00896,Débito,Cancelada,899,0.07
T000955,C00302,Débito,Cancelada,7670,0.09
T000956,C00231,Crédito,Suspendida,6497,0.6
T000957,C00731,Crédito,Activa,8012,0.34
T000958,C00923,Crédito,Activa,4757,0.92
T000959,C00066,Débito,Activa,2379,0.41
T000960,C00937,Débito,Activa,9265,0.14
T000961,C00112,Débito,Suspendida,8475,0.71
T000962,C00013,Débito,Suspendida,1622,0.29
T000963,C00393,Débito,Cancelada,3380,0.53
T000964,C00500,Crédito,Cancelada,4516,0.7
T000965,C00932,Crédito,Suspendida,6896,0.9
T000966,C00598,Crédito,Activa,9783,0.79
T000967,C00234,Crédito,Cancelada,814,0.68
T000968,C00602,Crédito,Cancelada,4770,0.68
T000969,C00314,Crédito,Suspendida,470,0.95
T000970,C00566,Débito,Suspendida,2668,0.3
T000971,C00012,Crédito,Activa,9782,0.0
T000972,C00209,Crédito,Suspendida,3807,0.27
T000973,C00974,Crédito,Cancelada,3275,0.22
T000974,C00014,Débito,Cancelada,489,0.66
T000975,C00633,Débito,Activa,8320,0.63
T000976,C00418,Crédito,Activa,6814,0.59
T000977,C00437,Débito,Activa,3452,0.02
T000978,C00377,Débito,Suspendida,7615,0.73
T000979,C00020,Débito,Suspendida,6971,0.32
T000980,C00587,Débito,Activa,478,0.67
T000981,C00912,Crédito,Cancelada,780,0.56
T000982,C00755,Débito,Cancelada,5158,0.34
T000983,C00735,Débito,Suspendida,8645,0.13
T000984,C00070,Crédito,Cancelada,4476,0.09
T000985,C00824,Crédito,Suspendida,8197,0.83
T000986,C00211,Débito,Cancelada,4976,0.92
T000987,C00101,Crédito,Suspendida,1024,0.65
T000988,C00698,Crédito,Suspendida,4032,0.1
T000989,C00132,Débito,Cancelada,9091,0.4
T000990,C00623,Débito,Cancelada,5645,0.73
T000991,C00381,Débito,Suspendida,1580,0.78
T000992,C00132,Crédito,Cancelada,6734,0.12
T000993,C00020,Crédito,Activa,3356,0.0
T000994,C00906,Débito,Suspendida,4507,0.71
T000995,C00536,Crédito,Cancelada,5834,0.36
T000996,C00227,Crédito,Cancelada,8775,0.25
T000997,C00154,Crédito,Cancelada,6010,0.01
T000998,C00805,Débito,Activa,8733,0.54
T000999,C00742,Débito,Suspendida,6134,0.85
T001000,C00469,Crédito,Activa,3309,0.96
T001001,C00822,Crédito,Cancelada,4282,0.57
T001002,C01000,Crédito,Activa,3440,0.51
T001003,C00871,Débito,Activa,6228,0.09
T001004,C00405,Débito,Suspendida,2049,0.55
T001005,C00202,Débito,Suspendida,8697,0.38
T001006,C00038,Crédito,Cancelada,2949,0.61
T001007,C00942,Crédito,Activa,6880,0.39
T001008,C00772,Crédito,Suspendida,9527,0.24
T001009,C00188,Crédito,Activa,405,0.09
T001010,C00057,Débito,Activa,7552,0.31
T001011,C00941,Débito,Suspendida,4791,0.1
T001012,C00020,Crédito,Suspendida,3650,0.18
T001013,C00273,Débito,Suspendida,7414,0.99
T001014,C00119,Crédito,Cancelada,4011,0.44
T001015,C00583,Crédito,Suspendida,5341,0.53
T001016,C00516,Crédito,Activa,8701,0.87
T001017,C00221,Crédito,Suspendida,2908,1.0
T001018,C00526,Débito,Suspendida,2191,0.58
T001019,C00515,Crédito,Cancelada,8663,0.81
T001020,C00728,Crédito,Cancelada,3473,0.33
T001021,C00741,Débito,Activa,4738,0.31
T001022,C00336,Débito,Cancelada,8912,0.4
T001023,C00698,Crédito,Activa,9368,0.67
T001024,C00055,Crédito,Cancelada,3922,0.68
T001025,C00500,Débito,Activa,3751,0.32
T001026,C00900,Débito,Activa,3032,0.13
T001027,C00888,Crédito,Cancelada,5879,0.63
T001028,C00766,Débito,Activa,6779,0.13
T001029,C00536,Crédito,Cancelada,352,0.58
T001030,C00162,Crédito,Suspendida,5954,0.69
T001031,C00670,Débito,Suspendida,3000,0.7
T001032,C00594,Crédito,Cancelada,5510,0.75
T001033,C00915,Débito,Suspendida,2810,0.87
T001034,C00159,Débito,Suspendida,1304,0.5
T001035,C00188,Crédito,Cancelada,7561,0.73
T001036,C00060,Crédito,Cancelada,4399,0.62
T001037,C00915,Débito,Cancelada,4054,0.19
T001038,C00817,Crédito,Suspendida,7463,0.03
T001039,C00319,Crédito,Activa,2114,0.28
T001040,C00878,Débito,Cancelada,7565,0.44
T001041,C00211,Crédito,Cancelada,3272,0.62
T001042,C00406,Débito,Suspendida,9398,0.85
T001043,C00664,Crédito,Activa,606,0.2
T001044,C00109,Crédito,Activa,366,0.13
T001045,C00076,Crédito,Activa,708,0.96
T001046,C00542,Débito,Cancelada,1861,0.11
T001047,C00314,Crédito,Suspendida,3864,0.48
T001048,C00998,Débito,Suspendida,3689,0.59
T001049,C00117,Débito,Suspendida,880,0.54
T001050,C00927,Crédito,Suspendida,2724,0.09
T001051,C00868,Débito,Suspendida,2320,0.06
T001052,C00704,Débito,Activa,5460,0.11
T001053,C00019,Débito,Activa,4557,0.59
T001054,C00432,Crédito,Activa,1563,0.54
T001055,C00685,Débito,Activa,9723,0.23
T001056,C00740,Crédito,Cancelada,2492,0.64
T001057,C00350,Débito,Activa,1738,0.82
T001058,C00183,Débito,Activa,3608,0.04
T001059,C00113,Crédito,Cancelada,7942,0.5
T001060,C00183,Crédito,Cancelada,8952,0.69
T001061,C00481,Crédito,Cancelada,9491,0.25
T001062,C00146,Crédito,Cancelada,2103,0.31
T001063,C00831,Débito,Cancelada,374,0.61
T001064,C00628,Débito,Cancelada,2430,0.9
T001065,C00113,Débito,Cancelada,4487,0.81
T001066,C00763,Débito,Cancelada,4360,0.58
T001067,C00476,Débito,Activa,7306,0.73
T001068,C00763,Crédito,Suspendida,9889,0.36
T001069,C00303,Crédito,Suspendida,3371,0.64
T001070,C00971,Débito,Activa,1767,0.47
T001071,C00825,Débito,Activa,1351,0.19
T001072,C00118,Crédito,Activa,7819,0.7
T001073,C00813,Débito,Activa,6233,0.56
T001074,C00161,Débito,Suspendida,8760,0.36
T001075,C00401,Crédito,Suspendida,5146,0.91
T001076,C00198,Crédito,Suspendida,8434,0.02
T001077,C00260,Débito,Cancelada,2107,0.32
T001078,C00660,Débito,Suspendida,3690,0.06
T001079,C00752,Crédito,Activa,2735,0.77
T001080,C00047,Débito,Suspendida,4373,0.7
T001081,C00987,Crédito,Cancelada,1493,0.33
T001082,C00399,Débito,Cancelada,4969,0.68
T001083,C00710,Crédito,Suspendida,4996,0.4
T001084,C00559,Débito,Activa,7071,0.76
T001085,C00078,Débito,Cancelada,3172,0.45
T001086,C00124,Crédito,Suspendida,4122,0.41
T001087,C00075,Crédito,Activa,5197,0.93
T001088,C00871,Crédito,Cancelada,7232,0.25
T001089,C00137,Crédito,Activa,1192,0.12
T001090,C00602,Débito,Activa,8312,0.58
T001091,C00400,Crédito,Activa,5487,0.97
T001092,C00837,Débito,Cancelada,2440,0.38
T001093,C00505,Débito,Activa,1676,0.06
T001094,C00500,Crédito,Cancelada,6626,0.34
T001095,C00573,Débito,Activa,589,0.51
T001096,C00138,Débito,Suspendida,1199,0.16
T001097,C00050,Débito,Activa,2055,0.66
T001098,C00771,Débito,Activa,8325,1.0
T001099,C00973,Crédito,Activa,9050,0.45
T001100,C00619,Crédito,Activa,2963,0.35
T001101,C00625,Crédito,Suspendida,3863,0.4
T001102,C00862,Débito,Cancelada,5186,0.12
T001103,C00254,Crédito,Activa,1681,0.88
T001104,C00630,Débito,Activa,7456,0.41
T001105,C00710,Débito,Activa,3931,0.39
T001106,C00849,Débito,Suspendida,7462,0.66
T001107,C00877,Crédito,Suspendida,651,0.44
T001108,C00563,Crédito,Activa,9929,0.65
T001109,C00757,Crédito,Activa,3293,0.06
T001110,C00915,Débito,Activa,1082,0.81
T001111,C00426,Débito,Activa,4608,0.94
T001112,C00547,Débito,Cancelada,4268,0.65
T001113,C00302,Crédito,Cancelada,3477,0.95
T001114,C00922,Débito,Cancelada,8766,0.15
T001115,C00581,Débito,Activa,8151,0.48
T001116,C00349,Crédito,Suspendida,4890,0.6
T001117,C00832,Débito,Activa,4795,0.58
T001118,C00933,Débito,Suspendida,4759,0.4
T001119,C00980,Crédito,Activa,7491,0.34
T001120,C00049,Crédito,Activa,8360,0.13
T001121,C00917,Débito,Suspendida,312,0.39
T001122,C00074,Crédito,Cancelada,5331,0.16
T001123,C00704,Crédito,Activa,3397,0.73
T001124,C00261,Crédito,Activa,339,0.21
T001125,C00356,Crédito,Activa,1624,0.06
T001126,C00582,Débito,Cancelada,3149,0.55
T001127,C00602,Débito,Activa,3368,0.6
T001128,C00260,Crédito,Cancelada,8908,0.87
T001129,C00638,Débito,Activa,6243,0.58
T001130,C00743,Débito,Activa,7189,0.35
T001131,C00295,Crédito,Cancelada,7436,0.8
T001132,C00931,Débito,Suspendida,6461,0.54
T001133,C00641,Crédito,Activa,1087,0.08
T001134,C00792,Crédito,Activa,3304,0.57
T001135,C00313,Crédito,Activa,249,0.91
T001136,C00612,Crédito,Cancelada,4151,0.4
T001137,C00838,Débito,Suspendida,3760,0.3
T001138,C00809,Débito,Cancelada,218,0.14
T001139,C00182,Débito,Suspendida,5021,0.15
T001140,C00686,Crédito,Suspendida,6540,0.43
T001141,C00828,Crédito,Activa,8258,0.6
T001142,C00364,Crédito,Cancelada,9865,0.08
T001143,C00188,Débito,Cancelada,2806,0.94
T001144,C00569,Crédito,Cancelada,8046,0.76
T001145,C00543,Crédito,Activa,8843,0.59
T001146,C00596,Crédito,Cancelada,6632,0.83
T001147,C00664,Crédito,Cancelada,3965,0.08
T001148,C00985,Débito,Activa,2638,0.48
T001149,C00548,Débito,Activa,9941,0.63
T001150,C00725,Crédito,Cancelada,6558,0.83
T001151,C00926,Débito,Activa,8519,0.78
T001152,C00408,Crédito,Cancelada,6141,0.28
T001153,C00876,Crédito,Activa,7844,0.94
T001154,C00618,Crédito,Cancelada,5055,0.12
T001155,C00414,Débito,Activa,6747,0.88
T001156,C00342,Crédito,Suspendida,7396,0.97
T001157,C00220,Crédito,Activa,6111,0.18
T001158,C00903,Débito,Cancelada,6681,0.72
T001159,C00163,Débito,Activa,2961,0.04
T001160,C00951,Crédito,Cancelada,4656,0.41
T001161,C00220,Débito,Activa,9807,0.52
T001162,C00270,Crédito,Activa,6561,0.58
T001163,C00632,Débito,Cancelada,5893,0.94
T001164,C00906,Crédito,Cancelada,5988,0.67
T001165,C00848,Crédito,Suspendida,401,0.48
T001166,C00400,Crédito,Suspendida,6360,0.81
T001167,C00182,Crédito,Cancelada,717,0.95
T001168,C00991,Débito,Cancelada,7937,0.02
T001169,C00618,Débito,Activa,9733,0.98
T001170,C00729,Débito,Suspendida,2188,0.09
T001171,C00205,Crédito,Cancelada,4002,0.81
T001172,C00582,Crédito,Activa,6008,0.28
T001173,C00556,Débito,Activa,7362,0.13
T001174,C00841,Crédito,Suspendida,6441,0.44
T001175,C00813,Débito,Suspendida,8599,0.64
T001176,C00228,Crédito,Suspendida,5833,0.38
T001177,C00696,Crédito,Activa,5955,0.05
T001178,C00619,Crédito,Cancelada,6509,0.6
T001179,C00596,Débito,Activa,4317,0.9
T001180,C00850,Débito,Suspendida,8545,0.38
T001181,C00250,Débito,Activa,1718,0.22
T001182,C00875,Crédito,Suspendida,6363,0.44
T001183,C00441,Débito,Activa,2800,0.05
T001184,C00533,Crédito,Suspendida,2395,0.82
T001185,C00196,Crédito,Activa,3754,0.83
T001186,C00690,Débito,Cancelada,3049,0.59
T001187,C00929,Crédito,Activa,1942,0.35
T001188,C00987,Débito,Suspendida,1506,0.8
T001189,C00519,Crédito,Suspendida,4049,0.55
T001190,C00070,Crédito,Cancelada,7719,0.83
T001191,C00639,Débito,Suspendida,4395,0.63
T001192,C00399,Débito,Cancelada,5378,0.78
T001193,C00978,Crédito,Cancelada,2755,0.6
T001194,C00672,Crédito,Activa,2505,0.41
T001195,C00760,Crédito,Activa,7819,0.96
T001196,C00203,Débito,Suspendida,9480,0.54
T001197,C00148,Débito,Suspendida,2842,0.61
T001198,C00472,Débito,Activa,9569,0.22
T001199,C00655,Débito,Suspendida,6609,0.63
T001200,C00944,Débito,Suspendida,4957,0.57
T001201,C00199,Débito,Suspendida,3194,0.18
T001202,C00917,Débito,Cancelada,8951,0.06
T001203,C00426,Crédito,Cancelada,1471,0.6
T001204,C00666,Crédito,Suspendida,2013,0.76
T001205,C00492,Crédito,Cancelada,9001,0.52
T001206,C00888,Crédito,Suspendida,2661,0.23
T001207,C00896,Débito,Activa,4320,0.67
T001208,C00142,Débito,Cancelada,6324,0.08
T001209,C00313,Crédito,Suspendida,8675,0.44
T001210,C00165,Crédito,Suspendida,4596,0.16
T001211,C00314,Crédito,Suspendida,9483,0.18
T001212,C00021,Crédito,Activa,1016,0.2
T001213,C00082,Crédito,Activa,7504,0.39
T001214,C00581,Débito,Suspendida,7531,0.05
T001215,C00131,Débito,Cancelada,282,0.4
T001216,C00599,Crédito,Suspendida,2120,0.51
T001217,C00730,Débito,Activa,8017,0.48
T001218,C00933,Crédito,Activa,2293,0.38
T001219,C00984,Débito,Cancelada,7271,0.84
T001220,C00305,Crédito,Suspendida,8167,0.15
T001221,C00915,Débito,Cancelada,8567,0.51
T001222,C00371,Débito,Activa,5485,0.06
T001223,C00857,Crédito,Suspendida,5137,0.07
T001224,C00853,Débito,Suspendida,569,0.57
T001225,C00384,Crédito,Cancelada,2018,0.57
T001226,C00908,Débito,Cancelada,2301,0.88
T001227,C00445,Débito,Cancelada,3690,0.56
T001228,C00425,Crédito,Activa,1979,0.96
T001229,C00161,Crédito,Activa,7874,0.05
T001230,C00178,Crédito,Activa,1564,0.1
T001231,C00629,Crédito,Suspendida,7494,0.04
T001232,C00708,Crédito,Suspendida,3876,0.19
T001233,C00895,Crédito,Cancelada,2626,0.54
T001234,C00490,Crédito,Cancelada,8464,0.65
T001235,C00327,Débito,Activa,8289,0.05
T001236,C00598,Débito,Cancelada,3162,0.95
T001237,C00289,Crédito,Activa,1059,0.84
T001238,C00593,Débito,Activa,4338,0.3
T001239,C00664,Débito,Suspendida,2624,0.08
T001240,C00573,Crédito,Activa,9456,0.17
T001241,C00573,Crédito,Suspendida,4217,0.13
T001242,C00354,Crédito,Activa,8760,0.12
T001243,C00028,Débito,Cancelada,8542,0.52
T001244,C00954,Crédito,Suspendida,1334,0.25
T001245,C00043,Débito,Activa,5366,0.36
T001246,C00681,Débito,Activa,5319,0.99
T001247,C00423,Débito,Suspendida,5894,0.68
T001248,C00598,Débito,Cancelada,6336,0.95
T001249,C00177,Débito,Suspendida,5685,0.14
T001250,C00529,Débito,Suspendida,4364,0.38
T001251,C00610,Crédito,Cancelada,2546,0.55
T001252,C00966,Crédito,Cancelada,5239,0.08
T001253,C00494,Débito,Cancelada,5097,0.0
T001254,C00198,Débito,Suspendida,8452,0.67
T001255,C00610,Débito,Cancelada,5241,0.64
T001256,C00577,Crédito,Suspendida,4101,0.41
T001257,C00842,Crédito,Suspendida,1537,0.49
T001258,C00853,Crédito,Suspendida,1384,0.42
T001259,C00517,Débito,Cancelada,4626,0.02
T001260,C00514,Crédito,Cancelada,1751,0.34
T001261,C00022,Crédito,Suspendida,1829,0.18
T001262,C00112,Crédito,Suspendida,9719,0.1
T001263,C00057,Crédito,Cancelada,1726,0.96
T001264,C00066,Crédito,Suspendida,1561,0.6
T001265,C00842,Débito,Activa,9965,0.73
T001266,C00098,Débito,Suspendida,4570,0.32
T001267,C00144,Crédito,Activa,5483,0.39
T001268,C00880,Débito,Activa,7810,0.24
T001269,C00435,Crédito,Suspendida,2193,0.1
T001270,C00637,Débito,Suspendida,1069,0.18
T001271,C00679,Crédito,Suspendida,1214,0.8
T001272,C00086,Crédito,Activa,802,0.68
T001273,C00588,Crédito,Cancelada,890,0.55
T001274,C00344,Débito,Activa,8885,0.48
T001275,C00936,Débito,Activa,689,0.92
T001276,C00294,Crédito,Activa,7064,0.07
T001277,C00956,Crédito,Cancelada,7440,0.28
T001278,C00571,Débito,Activa,7986,0.35
T001279,C00650,Crédito,Activa,8224,0.78
T001280,C00611,Débito,Suspendida,494,0.99
T001281,C00704,Débito,Cancelada,5688,0.24
T001282,C00243,Crédito,Activa,4227,0.87
T001283,C00831,Crédito,Activa,3112,0.83
T001284,C00561,Débito,Suspendida,4944,0.22
T001285,C00960,Débito,Cancelada,2073,0.4
T001286,C00032,Débito,Cancelada,3458,0.41
T001287,C00391,Crédito,Suspendida,3017,0.98
T001288,C00277,Débito,Activa,8836,0.18
T001289,C00532,Crédito,Suspendida,3841,0.8
T001290,C00154,Débito,Cancelada,4658,0.33
T001291,C00383,Crédito,Cancelada,5507,0.73
T001292,C00068,Débito,Activa,9133,0.42
T001293,C00878,Crédito,Activa,2241,0.58
T001294,C00884,Crédito,Cancelada,879,0.83
T001295,C00214,Crédito,Cancelada,5938,0.8
T001296,C00655,Crédito,Suspendida,5868,0.87
T001297,C00376,Crédito,Suspendida,9750,0.06
T001298,C00744,Crédito,Activa,7897,0.69
T001299,C00213,Crédito,Suspendida,8233,0.14
T001300,C00079,Crédito,Cancelada,262,0.42
