ID_Cuenta,ID_Cliente,TipoCuenta,Estado,FechaApertura
CU00001,C00739,Inversión,Bloqueada,2023-05-17
CU00002,C00883,Inversión,Inactiva,2024-04-29
CU00003,C00015,Ahorro,Activa,2022-08-13
CU00004,C00192,Ahorro,Activa,2024-12-30
CU00005,C00985,Corriente,Inactiva,2020-10-26
CU00006,C00631,Corriente,Activa,2021-07-08
CU00007,C00485,Inversión,Inactiva,2025-06-08
CU00008,C00028,Inversión,Activa,2024-01-03
CU00009,C00714,Inversión,Inactiva,2024-06-27
CU00010,C00039,Ahorro,Bloqueada,2024-02-02
CU00011,C00953,Ahorro,Bloqueada,2023-02-19
CU00012,C00273,Ahorro,Bloqueada,2021-08-16
CU00013,C00231,Inversión,Inactiva,2024-03-21
CU00014,C00086,Inversión,Activa,2022-11-16
CU00015,C00474,Inversión,Activa,2023-08-02
CU00016,C00126,Inversión,Activa,2025-01-09
CU00017,C00812,Ahorro,Activa,2023-08-31
CU00018,C00537,Corriente,Activa,2021-08-20
CU00019,C00145,Ahorro,Bloqueada,2025-02-06
CU00020,C00525,Corriente,Inactiva,2022-07-31
CU00021,C00212,Corriente,Activa,2022-11-23
CU00022,C00025,Ahorro,Inactiva,2024-07-31
CU00023,C00580,Ahorro,Activa,2021-03-03
CU00024,C00394,Ahorro,Inactiva,2020-08-02
CU00025,C00067,Inversión,Inactiva,2022-12-30
CU00026,C00233,Ahorro,Inactiva,2023-08-25
CU00027,C00109,Inversión,Inactiva,2022-12-23
CU00028,C00146,Corriente,Bloqueada,2024-11-18
CU00029,C00111,Ahorro,Inactiva,2023-11-25
CU00030,C00228,Inversión,Activa,2022-01-24
CU00031,C00111,Inversión,Bloqueada,2023-02-02
CU00032,C00470,Inversión,Bloqueada,2020-08-01
CU00033,C00034,Ahorro,Inactiva,2023-02-08
CU00034,C00623,Corriente,Activa,2022-11-20
CU00035,C00776,Ahorro,Inactiva,2022-05-10
CU00036,C00936,Inversión,Inactiva,2024-04-16
CU00037,C00369,Corriente,Inactiva,2022-05-01
CU00038,C00748,Corriente,Activa,2020-11-19
CU00039,C00595,Corriente,Inactiva,2022-01-22
CU00040,C00554,Corriente,Activa,2024-12-03
CU00041,C00425,Inversión,Inactiva,2024-01-30
CU00042,C00613,Inversión,Inactiva,2021-07-20
CU00043,C00518,Corriente,Inactiva,2024-06-14
CU00044,C00692,Corriente,Inactiva,2020-08-18
CU00045,C00282,Corriente,Activa,2020-08-08
CU00046,C00320,Corriente,Inactiva,2024-02-18
CU00047,C00738,Inversión,Bloqueada,2021-06-17
CU00048,C00443,Corriente,Activa,2021-03-05
CU00049,C00952,Corriente,Activa,2023-06-21
CU00050,C00315,Ahorro,Bloqueada,2021-08-13
CU00051,C00877,Inversión,Bloqueada,2023-06-03
CU00052,C00966,Corriente,Activa,2022-02-26
CU00053,C00741,Corriente,Activa,2021-07-10
CU00054,C00377,Ahorro,Bloqueada,2020-08-16
CU00055,C00289,Corriente,Inactiva,2023-05-06
CU00056,C00437,Corriente,Bloqueada,2021-11-10
CU00057,C00662,Corriente,Inactiva,2022-03-13
CU00058,C00277,Ahorro,Bloqueada,2022-07-23
CU00059,C00710,Inversión,Activa,2023-04-02
CU00060,C00582,Ahorro,Bloqueada,2021-12-21
CU00061,C00503,Inversión,Activa,2023-08-17
CU00062,C00624,Ahorro,Inactiva,2022-09-19
CU00063,C00516,Ahorro,Bloqueada,2024-10-11
CU00064,C00350,Corriente,Inactiva,2020-12-26
CU00065,C00843,Inversión,Bloqueada,2025-01-02
CU00066,C00446,Inversión,Bloqueada,2023-12-19
CU00067,C00830,Inversión,Inactiva,2020-09-01
CU00068,C00350,Inversión,Bloqueada,2022-02-25
CU00069,C00607,Corriente,Activa,2021-08-28
CU00070,C00664,Corriente,Inactiva,2021-10-21
CU00071,C00823,Ahorro,Inactiva,2023-10-04
CU00072,C00137,Ahorro,Activa,2020-11-11
CU00073,C00759,Corriente,Inactiva,2020-11-20
CU00074,C00899,Ahorro,Bloqueada,2024-09-13
CU00075,C00243,Corriente,Activa,2021-03-06
CU00076,C00543,Inversión,Bloqueada,2023-03-17
CU00077,C00040,Ahorro,Bloqueada,2023-10-29
CU00078,C00229,Corriente,Bloqueada,2024-06-22
CU00079,C00548,Inversión,Bloqueada,2022-11-19
CU00080,C00920,Inversión,Bloqueada,2021-11-04
CU00081,C00223,Inversión,Bloqueada,2022-06-05
CU00082,C00006,Corriente,Activa,2022-08-31
CU00083,C00322,Corriente,Activa,2021-05-12
CU00084,C00468,Corriente,Inactiva,2022-02-24
CU00085,C00732,Inversión,Activa,2024-07-06
CU00086,C00075,Inversión,Activa,2022-10-22
CU00087,C00004,Inversión,Activa,2022-10-29
CU00088,C00847,Corriente,Activa,2023-06-28
CU00089,C00646,Corriente,Activa,2023-10-13
CU00090,C00118,Ahorro,Activa,2023-09-24
CU00091,C00881,Inversión,Inactiva,2024-10-22
CU00092,C00606,Corriente,Activa,2024-04-17
CU00093,C00504,Ahorro,Bloqueada,2024-06-03
CU00094,C00998,Ahorro,Inactiva,2024-09-10
CU00095,C00947,Inversión,Activa,2020-11-25
CU00096,C00574,Inversión,Bloqueada,2025-03-13
CU00097,C00441,Corriente,Activa,2024-01-24
CU00098,C00194,Ahorro,Bloqueada,2024-01-11
CU00099,C00847,Inversión,Inactiva,2021-05-01
CU00100,C00715,Inversión,Inactiva,2022-09-23
CU00101,C00392,Ahorro,Bloqueada,2021-05-19
CU00102,C00026,Inversión,Activa,2021-04-20
CU00103,C00435,Ahorro,Activa,2022-06-30
CU00104,C00173,Ahorro,Inactiva,2022-08-31
CU00105,C00300,Inversión,Bloqueada,2021-06-27
CU00106,C00645,Ahorro,Inactiva,2023-12-23
CU00107,C00326,Ahorro,Bloqueada,2025-03-15
CU00108,C00410,Corriente,Inactiva,2022-10-04
CU00109,C00118,Ahorro,Inactiva,2022-04-13
CU00110,C00836,Inversión,Bloqueada,2020-11-07
CU00111,C00787,Ahorro,Inactiva,2024-04-24
CU00112,C00724,Ahorro,Activa,2021-11-28
CU00113,C00225,Inversión,Bloqueada,2022-05-09
CU00114,C00532,Ahorro,Bloqueada,2025-01-16
CU00115,C00113,Ahorro,Bloqueada,2020-12-25
CU00116,C00140,Ahorro,Bloqueada,2021-11-07
CU00117,C00559,Inversión,Inactiva,2022-07-07
CU00118,C00001,Corriente,Activa,2021-02-22
CU00119,C00090,Corriente,Inactiva,2021-01-03
CU00120,C00654,Ahorro,Activa,2021-04-16
CU00121,C00320,Inversión,Activa,2023-08-04
CU00122,C00550,Inversión,Bloqueada,2021-06-16
CU00123,C00805,Inversión,Bloqueada,2022-12-28
CU00124,C00894,Inversión,Bloqueada,2023-03-17
CU00125,C00139,Corriente,Activa,2021-02-19
CU00126,C00511,Inversión,Activa,2023-05-29
CU00127,C00868,Corriente,Bloqueada,2022-07-11
CU00128,C00845,Ahorro,Activa,2023-02-08
CU00129,C00259,Ahorro,Inactiva,2022-07-20
CU00130,C00673,Inversión,Bloqueada,2023-06-16
CU00131,C00902,Inversión,Inactiva,2024-08-12
CU00132,C00690,Corriente,Inactiva,2024-01-07
CU00133,C00010,Ahorro,Inactiva,2024-06-22
CU00134,C00261,Ahorro,Inactiva,2023-02-04
CU00135,C00919,Inversión,Bloqueada,2021-11-18
CU00136,C00650,Inversión,Inactiva,2021-08-02
CU00137,C00172,Corriente,Bloqueada,2024-08-11
CU00138,C00898,Inversión,Bloqueada,2024-09-19
CU00139,C00013,Corriente,Inactiva,2023-09-02
CU00140,C00168,Ahorro,Activa,2024-03-26
CU00141,C00642,Inversión,Activa,2023-04-08
CU00142,C00596,Inversión,Inactiva,2023-06-07
CU00143,C00321,Inversión,Inactiva,2025-03-06
CU00144,C00319,Corriente,Activa,2025-04-09
CU00145,C00613,Ahorro,Bloqueada,2022-03-13
CU00146,C00329,Ahorro,Bloqueada,2023-09-01
CU00147,C00785,Ahorro,Bloqueada,2024-01-26
CU00148,C00777,Inversión,Bloqueada,2023-01-07
CU00149,C00971,Ahorro,Inactiva,2021-08-18
CU00150,C00911,Ahorro,Activa,2024-05-06
CU00151,C00920,Ahorro,Inactiva,2024-05-20
CU00152,C00550,Inversión,Inactiva,2022-05-10
CU00153,C00419,Inversión,Bloqueada,2023-09-05
CU00154,C00606,Corriente,Activa,2024-06-05
CU00155,C00095,Corriente,Activa,2023-07-26
CU00156,C00817,Corriente,Bloqueada,2024-05-27
CU00157,C00581,Corriente,Inactiva,2024-08-05
CU00158,C00318,Ahorro,Inactiva,2022-08-10
CU00159,C00956,Corriente,Inactiva,2024-07-09
CU00160,C00236,Corriente,Activa,2022-12-03
CU00161,C00946,Corriente,Inactiva,2021-05-08
CU00162,C00334,Inversión,Inactiva,2025-04-05
CU00163,C00885,Ahorro,Inactiva,2024-06-08
CU00164,C00376,Inversión,Inactiva,2023-06-09
CU00165,C00459,Ahorro,Inactiva,2023-04-05
CU00166,C00137,Corriente,Bloqueada,2022-03-12
CU00167,C00930,Inversión,Bloqueada,2021-06-18
CU00168,C00588,Ahorro,Activa,2021-03-26
CU00169,C00995,Inversión,Activa,2021-12-23
CU00170,C00547,Inversión,Activa,2024-07-02
CU00171,C00513,Ahorro,Inactiva,2023-08-21
CU00172,C00296,Ahorro,Bloqueada,2024-06-09
CU00173,C00320,Corriente,Inactiva,2020-10-11
CU00174,C00918,Corriente,Inactiva,2024-08-13
CU00175,C00572,Corriente,Inactiva,2023-03-15
CU00176,C00832,Inversión,Bloqueada,2022-01-18
CU00177,C00349,Corriente,Inactiva,2023-10-29
CU00178,C00840,Ahorro,Bloqueada,2024-07-18
CU00179,C00779,Inversión,Bloqueada,2022-08-27
CU00180,C00873,Ahorro,Activa,2023-07-15
CU00181,C00229,Inversión,Activa,2022-12-14
CU00182,C00270,Ahorro,Inactiva,2023-07-24
CU00183,C00828,Ahorro,Activa,2024-08-05
CU00184,C00798,Corriente,Inactiva,2025-01-24
CU00185,C00291,Corriente,Bloqueada,2023-09-19
CU00186,C00725,Inversión,Inactiva,2021-03-13
CU00187,C00165,Corriente,Bloqueada,2022-03-30
CU00188,C00005,Inversión,Inactiva,2021-12-29
CU00189,C00851,Ahorro,Activa,2021-05-08
CU00190,C00379,Inversión,Bloqueada,2025-02-10
CU00191,C00078,Ahorro,Activa,2021-01-02
CU00192,C00410,Ahorro,Activa,2025-05-11
CU00193,C00574,Ahorro,Inactiva,2024-01-06
CU00194,C00132,Inversión,Bloqueada,2024-12-02
CU00195,C00601,Inversión,Bloqueada,2022-11-20
CU00196,C00749,Corriente,Inactiva,2025-05-01
CU00197,C00042,Corriente,Activa,2022-03-06
CU00198,C00089,Ahorro,Bloqueada,2024-01-04
CU00199,C00402,Ahorro,Bloqueada,2022-06-11
CU00200,C00296,Inversión,Activa,2023-11-17
CU00201,C00840,Corriente,Activa,2021-11-16
CU00202,C00295,Inversión,Activa,2022-08-09
CU00203,C00616,Inversión,Activa,2022-03-02
CU00204,C00526,Inversión,Activa,2021-04-20
CU00205,C00800,Ahorro,Activa,2020-12-05
CU00206,C00691,Ahorro,Activa,2023-12-23
CU00207,C00637,Corriente,Inactiva,2024-05-27
CU00208,C00422,Ahorro,Activa,2025-03-23
CU00209,C00865,Ahorro,Inactiva,2025-01-27
CU00210,C00023,Inversión,Bloqueada,2023-08-05
CU00211,C00575,Ahorro,Activa,2020-08-01
CU00212,C00143,Inversión,Inactiva,2024-08-06
CU00213,C00993,Corriente,Inactiva,2022-07-25
CU00214,C00665,Ahorro,Inactiva,2023-09-29
CU00215,C00145,Corriente,Bloqueada,2023-11-27
CU00216,C00225,Ahorro,Inactiva,2021-07-13
CU00217,C00503,Inversión,Bloqueada,2024-07-29
CU00218,C00962,Ahorro,Activa,2021-08-24
CU00219,C00974,Inversión,Bloqueada,2024-05-23
CU00220,C00821,Corriente,Activa,2023-03-18
CU00221,C00616,Inversión,Activa,2023-10-14
CU00222,C00104,Inversión,Inactiva,2021-01-10
CU00223,C00947,Corriente,Inactiva,2023-01-07
CU00224,C00039,Corriente,Bloqueada,2022-05-18
CU00225,C00947,Inversión,Inactiva,2024-03-28
CU00226,C00198,Ahorro,Activa,2023-12-12
CU00227,C00646,Inversión,Inactiva,2021-02-28
CU00228,C00579,Inversión,Bloqueada,2022-02-03
CU00229,C00391,Ahorro,Bloqueada,2022-10-09
CU00230,C00179,Inversión,Inactiva,2021-12-20
CU00231,C00968,Inversión,Inactiva,2024-04-04
CU00232,C00554,Corriente,Activa,2023-05-06
CU00233,C00448,Ahorro,Inactiva,2021-03-27
CU00234,C00500,Ahorro,Bloqueada,2024-10-31
CU00235,C00015,Corriente,Bloqueada,2023-12-29
CU00236,C00623,Ahorro,Activa,2023-11-07
CU00237,C00669,Ahorro,Inactiva,2023-05-30
CU00238,C00289,Corriente,Activa,2022-01-09
CU00239,C00478,Inversión,Inactiva,2020-08-14
CU00240,C00231,Inversión,Activa,2020-07-16
CU00241,C00923,Inversión,Activa,2024-05-10
CU00242,C00420,Corriente,Bloqueada,2020-09-15
CU00243,C00157,Corriente,Activa,2022-12-31
CU00244,C00550,Ahorro,Activa,2023-05-23
CU00245,C00441,Inversión,Bloqueada,2020-12-07
CU00246,C00097,Corriente,Activa,2021-12-11
CU00247,C00997,Corriente,Bloqueada,2022-04-23
CU00248,C00411,Corriente,Activa,2023-05-07
CU00249,C00951,Ahorro,Inactiva,2024-07-02
CU00250,C00289,Corriente,Bloqueada,2021-12-24
CU00251,C00254,Inversión,Inactiva,2023-12-28
CU00252,C00196,Corriente,Bloqueada,2023-11-17
CU00253,C00598,Corriente,Activa,2022-02-28
CU00254,C00834,Ahorro,Bloqueada,2020-09-01
CU00255,C00522,Inversión,Activa,2022-05-15
CU00256,C00517,Inversión,Inactiva,2022-05-02
CU00257,C00635,Inversión,Activa,2024-12-30
CU00258,C00842,Corriente,Bloqueada,2020-11-16
CU00259,C00865,Ahorro,Activa,2023-02-15
CU00260,C00118,Inversión,Bloqueada,2021-02-12
CU00261,C00806,Corriente,Activa,2024-04-14
CU00262,C00909,Ahorro,Activa,2021-05-10
CU00263,C00159,Inversión,Inactiva,2022-10-03
CU00264,C00815,Ahorro,Bloqueada,2024-08-25
CU00265,C00228,Ahorro,Inactiva,2021-12-21
CU00266,C00877,Corriente,Bloqueada,2024-10-31
CU00267,C00216,Ahorro,Bloqueada,2022-08-09
CU00268,C00948,Corriente,Bloqueada,2024-11-06
CU00269,C00696,Inversión,Inactiva,2025-01-17
CU00270,C00015,Inversión,Inactiva,2023-05-30
CU00271,C00157,Ahorro,Inactiva,2022-09-09
CU00272,C00648,Inversión,Inactiva,2020-10-27
CU00273,C00261,Corriente,Inactiva,2020-12-17
CU00274,C00157,Corriente,Inactiva,2023-07-23
CU00275,C00047,Corriente,Activa,2022-08-19
CU00276,C00324,Ahorro,Inactiva,2024-01-20
CU00277,C00844,Ahorro,Inactiva,2025-01-27
CU00278,C00685,Ahorro,Bloqueada,2023-10-27
CU00279,C00130,Corriente,Bloqueada,2021-12-05
CU00280,C00411,Corriente,Bloqueada,2023-04-09
CU00281,C00095,Corriente,Inactiva,2025-01-30
CU00282,C00627,Corriente,Bloqueada,2023-05-02
CU00283,C00755,Ahorro,Activa,2024-04-24
CU00284,C00932,Ahorro,Activa,2024-09-13
CU00285,C00292,Ahorro,Bloqueada,2023-11-19
CU00286,C00794,Ahorro,Bloqueada,2020-07-05
CU00287,C00811,Corriente,Inactiva,2024-08-16
CU00288,C00283,Corriente,Bloqueada,2023-04-09
CU00289,C00069,Inversión,Bloqueada,2021-01-04
CU00290,C00660,Inversión,Bloqueada,2020-10-04
CU00291,C00011,Inversión,Bloqueada,2021-06-23
CU00292,C00254,Corriente,Inactiva,2024-01-24
CU00293,C00842,Ahorro,Inactiva,2021-03-12
CU00294,C00872,Ahorro,Bloqueada,2023-07-30
CU00295,C00550,Ahorro,Activa,2022-07-15
CU00296,C00134,Corriente,Inactiva,2021-04-27
CU00297,C00712,Inversión,Activa,2024-08-24
CU00298,C00023,Ahorro,Inactiva,2024-12-13
CU00299,C00815,Inversión,Inactiva,2022-02-21
CU00300,C00346,Inversión,Bloqueada,2023-12-10
CU00301,C00302,Corriente,Inactiva,2023-06-09
CU00302,C00363,Corriente,Inactiva,2024-10-16
CU00303,C00396,Ahorro,Inactiva,2022-08-18
CU00304,C00218,Corriente,Bloqueada,2022-09-16
CU00305,C00141,Corriente,Bloqueada,2021-06-05
CU00306,C00616,Corriente,Bloqueada,2020-12-09
CU00307,C00958,Ahorro,Inactiva,2024-09-14
CU00308,C00210,Inversión,Activa,2020-11-12
CU00309,C00985,Inversión,Activa,2025-04-11
CU00310,C00993,Ahorro,Bloqueada,2023-10-31
CU00311,C00623,Inversión,Activa,2021-07-29
CU00312,C00616,Inversión,Activa,2024-01-29
CU00313,C00828,Ahorro,Bloqueada,2023-12-27
CU00314,C00683,Inversión,Inactiva,2021-03-22
CU00315,C00460,Corriente,Bloqueada,2023-08-22
CU00316,C00356,Ahorro,Inactiva,2020-08-09
CU00317,C00324,Ahorro,Bloqueada,2020-10-25
CU00318,C00133,Corriente,Activa,2023-07-25
CU00319,C00888,Corriente,Bloqueada,2025-02-25
CU00320,C00805,Corriente,Activa,2021-10-08
CU00321,C00840,Corriente,Bloqueada,2024-04-27
CU00322,C00127,Ahorro,Inactiva,2021-04-06
CU00323,C00106,Ahorro,Inactiva,2022-01-22
CU00324,C00604,Ahorro,Inactiva,2024-12-27
CU00325,C00799,Corriente,Inactiva,2023-02-08
CU00326,C00378,Corriente,Inactiva,2024-12-29
CU00327,C00905,Corriente,Inactiva,2022-12-02
CU00328,C00051,Corriente,Bloqueada,2022-04-19
CU00329,C00029,Corriente,Activa,2024-01-06
CU00330,C00462,Ahorro,Bloqueada,2024-09-04
CU00331,C00296,Corriente,Bloqueada,2025-04-03
CU00332,C00297,Corriente,Bloqueada,2021-01-08
CU00333,C00726,Ahorro,Activa,2025-01-10
CU00334,C00779,Inversión,Inactiva,2024-06-29
CU00335,C00407,Inversión,Bloqueada,2021-10-19
CU00336,C00769,Corriente,Bloqueada,2021-11-18
CU00337,C00814,Inversión,Activa,2021-07-23
CU00338,C00613,Inversión,Bloqueada,2021-07-31
CU00339,C00405,Ahorro,Bloqueada,2022-09-02
CU00340,C00346,Corriente,Bloqueada,2025-01-26
CU00341,C00622,Ahorro,Inactiva,2020-09-12
CU00342,C00420,Ahorro,Bloqueada,2025-02-25
CU00343,C00182,Corriente,Inactiva,2025-03-01
CU00344,C00983,Ahorro,Bloqueada,2024-10-29
CU00345,C00825,Corriente,Inactiva,2025-05-21
CU00346,C00001,Corriente,Activa,2020-09-01
CU00347,C00831,Inversión,Bloqueada,2023-03-06
CU00348,C00950,Corriente,Bloqueada,2021-07-30
CU00349,C00567,Corriente,Activa,2022-03-19
CU00350,C00371,Corriente,Inactiva,2021-06-23
CU00351,C00936,Corriente,Activa,2022-03-07
CU00352,C00911,Corriente,Inactiva,2021-02-16
CU00353,C00661,Inversión,Activa,2023-06-20
CU00354,C00431,Inversión,Bloqueada,2022-02-27
CU00355,C00969,Ahorro,Inactiva,2025-04-15
CU00356,C00309,Corriente,Bloqueada,2024-03-27
CU00357,C00137,Corriente,Bloqueada,2022-05-03
CU00358,C00202,Inversión,Activa,2023-03-20
CU00359,C00436,Inversión,Bloqueada,2023-10-02
CU00360,C00313,Ahorro,Inactiva,2023-12-30
CU00361,C00117,Corriente,Bloqueada,2024-08-20
CU00362,C00666,Corriente,Activa,2021-09-11
CU00363,C00937,Ahorro,Activa,2021-05-11
CU00364,C00803,Corriente,Inactiva,2022-07-11
CU00365,C00575,Corriente,Activa,2022-04-30
CU00366,C00244,Corriente,Bloqueada,2024-10-03
CU00367,C00537,Inversión,Inactiva,2023-11-06
CU00368,C00602,Inversión,Inactiva,2024-05-20
CU00369,C00075,Inversión,Inactiva,2025-02-16
CU00370,C00806,Corriente,Inactiva,2024-09-11
CU00371,C00386,Inversión,Inactiva,2022-07-06
CU00372,C00903,Ahorro,Bloqueada,2023-08-01
CU00373,C00210,Corriente,Inactiva,2020-12-05
CU00374,C00475,Corriente,Inactiva,2022-10-22
CU00375,C00418,Corriente,Activa,2022-03-07
CU00376,C00347,Corriente,Inactiva,2025-01-09
CU00377,C00529,Corriente,Activa,2021-04-08
CU00378,C00640,Ahorro,Bloqueada,2023-03-13
CU00379,C00939,Inversión,Bloqueada,2023-10-03
CU00380,C00955,Ahorro,Bloqueada,2025-06-24
CU00381,C00876,Inversión,Bloqueada,2021-03-03
CU00382,C00763,Inversión,Activa,2021-10-12
CU00383,C00179,Ahorro,Inactiva,2024-12-08
CU00384,C00182,Inversión,Activa,2021-01-05
CU00385,C00664,Inversión,Bloqueada,2024-04-08
CU00386,C00025,Ahorro,Activa,2022-09-17
CU00387,C00967,Inversión,Bloqueada,2024-08-01
CU00388,C00180,Corriente,Inactiva,2021-04-02
CU00389,C00710,Inversión,Bloqueada,2023-03-04
CU00390,C00501,Ahorro,Inactiva,2023-01-31
CU00391,C00856,Corriente,Inactiva,2020-12-07
CU00392,C00161,Corriente,Activa,2022-10-14
CU00393,C00177,Inversión,Activa,2021-04-12
CU00394,C00285,Ahorro,Activa,2020-07-28
CU00395,C00063,Corriente,Activa,2025-06-12
CU00396,C00662,Inversión,Inactiva,2021-01-19
CU00397,C00666,Corriente,Inactiva,2021-11-05
CU00398,C00156,Ahorro,Bloqueada,2024-02-15
CU00399,C00882,Inversión,Inactiva,2020-10-13
CU00400,C00469,Corriente,Activa,2022-09-18
CU00401,C00049,Ahorro,Inactiva,2024-07-20
CU00402,C00967,Corriente,Bloqueada,2024-02-23
CU00403,C00849,Inversión,Activa,2022-12-11
CU00404,C00084,Ahorro,Activa,2025-02-08
CU00405,C00361,Inversión,Inactiva,2021-01-06
CU00406,C00689,Corriente,Inactiva,2020-09-18
CU00407,C00148,Corriente,Bloqueada,2025-06-03
CU00408,C00630,Ahorro,Activa,2021-09-21
CU00409,C00342,Corriente,Inactiva,2020-10-02
CU00410,C00476,Inversión,Bloqueada,2025-03-23
CU00411,C00063,Corriente,Activa,2023-11-15
CU00412,C00701,Inversión,Activa,2020-07-24
CU00413,C00360,Corriente,Inactiva,2023-04-27
CU00414,C00561,Inversión,Inactiva,2022-03-15
CU00415,C00327,Inversión,Activa,2024-05-03
CU00416,C00769,Inversión,Activa,2025-01-09
CU00417,C00736,Corriente,Bloqueada,2020-11-03
CU00418,C00141,Inversión,Activa,2023-03-27
CU00419,C00990,Ahorro,Inactiva,2022-03-11
CU00420,C00215,Corriente,Activa,2023-01-24
CU00421,C00435,Inversión,Activa,2022-04-17
CU00422,C00891,Inversión,Bloqueada,2024-02-24
CU00423,C00952,Inversión,Inactiva,2023-02-25
CU00424,C00723,Inversión,Bloqueada,2021-08-28
CU00425,C00318,Ahorro,Inactiva,2022-03-27
CU00426,C00032,Ahorro,Inactiva,2024-12-10
CU00427,C00670,Ahorro,Inactiva,2023-10-13
CU00428,C00285,Inversión,Inactiva,2023-12-13
CU00429,C00305,Inversión,Inactiva,2021-09-17
CU00430,C00429,Corriente,Activa,2021-09-29
CU00431,C00477,Ahorro,Activa,2021-01-15
CU00432,C00286,Inversión,Bloqueada,2022-12-27
CU00433,C00144,Inversión,Activa,2025-04-23
CU00434,C00424,Ahorro,Bloqueada,2024-12-06
CU00435,C00019,Inversión,Inactiva,2021-09-15
CU00436,C00018,Inversión,Activa,2022-11-26
CU00437,C00769,Inversión,Inactiva,2024-09-18
CU00438,C00590,Inversión,Bloqueada,2021-11-19
CU00439,C00371,Corriente,Activa,2021-03-10
CU00440,C00175,Corriente,Activa,2020-09-20
CU00441,C00194,Corriente,Bloqueada,2024-06-03
CU00442,C00502,Ahorro,Activa,2022-06-30
CU00443,C00988,Ahorro,Bloqueada,2024-07-15
CU00444,C00113,Ahorro,Bloqueada,2020-11-14
CU00445,C00114,Corriente,Activa,2021-02-07
CU00446,C00222,Ahorro,Activa,2022-04-26
CU00447,C00678,Inversión,Bloqueada,2020-09-27
CU00448,C00947,Inversión,Inactiva,2022-01-15
CU00449,C00831,Inversión,Inactiva,2024-01-05
CU00450,C00644,Inversión,Activa,2021-10-01
CU00451,C00897,Inversión,Activa,2025-01-28
CU00452,C00264,Inversión,Inactiva,2024-12-18
CU00453,C00925,Inversión,Bloqueada,2020-07-16
CU00454,C00055,Ahorro,Bloqueada,2021-11-01
CU00455,C00871,Corriente,Inactiva,2020-12-28
CU00456,C00643,Corriente,Activa,2023-08-11
CU00457,C00800,Corriente,Activa,2021-06-27
CU00458,C00778,Corriente,Activa,2024-11-07
CU00459,C00458,Inversión,Inactiva,2024-11-12
CU00460,C00979,Inversión,Inactiva,2021-12-19
CU00461,C00878,Inversión,Inactiva,2022-02-15
CU00462,C00162,Inversión,Bloqueada,2024-06-05
CU00463,C00380,Ahorro,Bloqueada,2021-04-02
CU00464,C00993,Corriente,Bloqueada,2025-03-31
CU00465,C00087,Ahorro,Bloqueada,2024-08-10
CU00466,C00055,Corriente,Inactiva,2025-03-06
CU00467,C00476,Ahorro,Inactiva,2022-09-02
CU00468,C00800,Corriente,Bloqueada,2020-10-01
CU00469,C00178,Corriente,Activa,2024-03-22
CU00470,C00391,Ahorro,Inactiva,2023-03-15
CU00471,C00349,Ahorro,Inactiva,2023-03-06
CU00472,C00008,Inversión,Inactiva,2021-04-28
CU00473,C00833,Ahorro,Activa,2023-04-18
CU00474,C00313,Corriente,Activa,2024-12-21
CU00475,C00759,Corriente,Inactiva,2021-04-12
CU00476,C00835,Corriente,Activa,2024-04-10
CU00477,C00984,Corriente,Activa,2021-11-28
CU00478,C00983,Ahorro,Activa,2023-01-16
CU00479,C00443,Inversión,Bloqueada,2021-02-17
CU00480,C00767,Corriente,Activa,2023-06-01
CU00481,C00328,Corriente,Activa,2022-03-23
CU00482,C00054,Corriente,Bloqueada,2024-12-28
CU00483,C00761,Ahorro,Activa,2020-11-26
CU00484,C00239,Corriente,Bloqueada,2024-11-29
CU00485,C00229,Inversión,Bloqueada,2024-01-10
CU00486,C00579,Inversión,Activa,2021-05-03
CU00487,C00051,Corriente,Activa,2024-09-04
CU00488,C00609,Corriente,Inactiva,2020-06-28
CU00489,C00604,Ahorro,Bloqueada,2021-08-04
CU00490,C00264,Corriente,Bloqueada,2021-01-12
CU00491,C00418,Ahorro,Activa,2020-12-30
CU00492,C00803,Inversión,Inactiva,2021-01-02
CU00493,C00096,Ahorro,Bloqueada,2023-03-12
CU00494,C00088,Ahorro,Inactiva,2024-05-30
CU00495,C00078,Corriente,Bloqueada,2025-06-28
CU00496,C00288,Inversión,Bloqueada,2023-09-14
CU00497,C00120,Ahorro,Activa,2020-12-27
CU00498,C00814,Inversión,Bloqueada,2023-02-16
CU00499,C00491,Ahorro,Activa,2021-05-16
CU00500,C00912,Inversión,Bloqueada,2024-10-04
CU00501,C00452,Ahorro,Activa,2022-09-09
CU00502,C00500,Inversión,Bloqueada,2023-11-30
CU00503,C00165,Ahorro,Activa,2023-09-07
CU00504,C00182,Inversión,Activa,2022-06-24
CU00505,C00469,Ahorro,Bloqueada,2024-12-01
CU00506,C00910,Corriente,Activa,2021-06-03
CU00507,C00735,Inversión,Inactiva,2024-12-04
CU00508,C00823,Corriente,Inactiva,2024-01-05
CU00509,C00944,Corriente,Inactiva,2022-04-10
CU00510,C00978,Ahorro,Activa,2022-07-11
CU00511,C00007,Corriente,Bloqueada,2025-05-26
CU00512,C00330,Inversión,Inactiva,2021-05-08
CU00513,C00775,Ahorro,Inactiva,2020-12-19
CU00514,C00673,Ahorro,Bloqueada,2022-02-22
CU00515,C00151,Inversión,Activa,2021-06-18
CU00516,C00085,Inversión,Activa,2020-07-27
CU00517,C00147,Corriente,Bloqueada,2024-08-17
CU00518,C00624,Corriente,Bloqueada,2021-10-25
CU00519,C00381,Ahorro,Bloqueada,2023-02-24
CU00520,C00915,Inversión,Activa,2022-07-07
CU00521,C00548,Inversión,Inactiva,2021-02-20
CU00522,C00285,Ahorro,Inactiva,2021-11-29
CU00523,C00700,Corriente,Bloqueada,2024-03-22
CU00524,C00082,Inversión,Activa,2020-10-22
CU00525,C00514,Corriente,Bloqueada,2022-12-07
CU00526,C00897,Corriente,Bloqueada,2021-06-01
CU00527,C00815,Ahorro,Inactiva,2024-11-07
CU00528,C00709,Inversión,Bloqueada,2023-05-13
CU00529,C00916,Ahorro,Bloqueada,2023-11-04
CU00530,C00523,Ahorro,Bloqueada,2020-08-03
CU00531,C00746,Corriente,Activa,2024-02-07
CU00532,C00386,Inversión,Inactiva,2021-09-11
CU00533,C00707,Ahorro,Activa,2024-09-15
CU00534,C00471,Inversión,Bloqueada,2025-03-09
CU00535,C00119,Ahorro,Bloqueada,2024-11-10
CU00536,C00396,Inversión,Bloqueada,2022-12-19
CU00537,C00532,Ahorro,Activa,2020-10-04
CU00538,C00261,Corriente,Inactiva,2020-08-02
CU00539,C00805,Corriente,Activa,2022-05-28
CU00540,C00934,Ahorro,Activa,2025-01-14
CU00541,C00256,Corriente,Inactiva,2022-03-12
CU00542,C00734,Ahorro,Activa,2025-03-05
CU00543,C00905,Corriente,Bloqueada,2022-12-11
CU00544,C00226,Inversión,Activa,2021-03-03
CU00545,C00053,Corriente,Inactiva,2024-01-05
CU00546,C00940,Inversión,Bloqueada,2025-03-23
CU00547,C00867,Inversión,Activa,2021-09-10
CU00548,C00500,Corriente,Inactiva,2024-05-01
CU00549,C00506,Inversión,Bloqueada,2020-12-27
CU00550,C00854,Corriente,Inactiva,2023-02-07
CU00551,C00364,Inversión,Inactiva,2021-09-17
CU00552,C00280,Corriente,Activa,2023-10-28
CU00553,C00593,Inversión,Activa,2023-09-18
CU00554,C00714,Ahorro,Bloqueada,2023-01-20
CU00555,C00158,Corriente,Inactiva,2021-05-15
CU00556,C00632,Corriente,Activa,2024-11-19
CU00557,C00059,Corriente,Bloqueada,2023-10-30
CU00558,C00727,Inversión,Inactiva,2023-10-14
CU00559,C00128,Ahorro,Inactiva,2025-04-11
CU00560,C00736,Inversión,Activa,2021-12-19
CU00561,C00721,Inversión,Activa,2021-11-07
CU00562,C00882,Corriente,Activa,2025-06-21
CU00563,C00115,Inversión,Bloqueada,2021-06-21
CU00564,C00209,Inversión,Activa,2020-12-06
CU00565,C00526,Ahorro,Activa,2024-09-25
CU00566,C00521,Inversión,Bloqueada,2023-06-13
CU00567,C00552,Ahorro,Bloqueada,2022-09-21
CU00568,C00962,Corriente,Inactiva,2021-03-04
CU00569,C00237,Ahorro,Activa,2023-02-18
CU00570,C00281,Ahorro,Activa,2021-10-28
CU00571,C00359,Corriente,Bloqueada,2024-04-27
CU00572,C00201,Ahorro,Activa,2025-01-05
CU00573,C00758,Ahorro,Bloqueada,2020-08-01
CU00574,C00278,Corriente,Bloqueada,2021-04-21
CU00575,C00235,Inversión,Activa,2020-11-28
CU00576,C00494,Ahorro,Inactiva,2024-07-29
CU00577,C00004,Inversión,Bloqueada,2024-09-21
CU00578,C00666,Corriente,Activa,2022-05-25
CU00579,C00442,Corriente,Inactiva,2022-01-21
CU00580,C00029,Inversión,Inactiva,2023-09-01
CU00581,C00109,Ahorro,Inactiva,2024-06-20
CU00582,C00610,Inversión,Inactiva,2022-06-16
CU00583,C00727,Corriente,Activa,2021-11-21
CU00584,C00805,Corriente,Activa,2023-12-07
CU00585,C00075,Ahorro,Activa,2021-02-03
CU00586,C00838,Corriente,Activa,2023-10-13
CU00587,C00146,Inversión,Inactiva,2020-08-28
CU00588,C00128,Inversión,Inactiva,2024-01-16
CU00589,C00853,Inversión,Bloqueada,2020-08-07
CU00590,C00042,Inversión,Inactiva,2022-04-04
CU00591,C00356,Ahorro,Inactiva,2020-11-26
CU00592,C00041,Inversión,Bloqueada,2021-01-02
CU00593,C00934,Ahorro,Activa,2024-02-05
CU00594,C00034,Corriente,Activa,2024-08-29
CU00595,C00017,Corriente,Activa,2025-04-18
CU00596,C00677,Ahorro,Activa,2024-06-08
CU00597,C00153,Ahorro,Activa,2024-12-13
CU00598,C00998,Corriente,Bloqueada,2023-12-27
CU00599,C00378,Corriente,Bloqueada,2023-02-13
CU00600,C00588,Inversión,Activa,2023-09-11
CU00601,C00599,Ahorro,Inactiva,2022-01-31
CU00602,C00629,Corriente,Inactiva,2021-04-12
CU00603,C00874,Ahorro,Inactiva,2024-11-18
CU00604,C00342,Corriente,Bloqueada,2022-09-26
CU00605,C00981,Ahorro,Inactiva,2022-03-08
CU00606,C00027,Ahorro,Bloqueada,2025-01-29
CU00607,C00825,Corriente,Activa,2023-09-29
CU00608,C00287,Inversión,Inactiva,2022-03-10
CU00609,C00646,Inversión,Inactiva,2023-04-25
CU00610,C00731,Inversión,Activa,2022-07-31
CU00611,C00168,Corriente,Activa,2022-11-29
CU00612,C00610,Corriente,Inactiva,2023-10-18
CU00613,C00268,Inversión,Inactiva,2021-04-08
CU00614,C00749,Corriente,Inactiva,2020-07-19
CU00615,C00821,Corriente,Inactiva,2021-02-12
CU00616,C00455,Inversión,Inactiva,2021-10-23
CU00617,C00906,Corriente,Bloqueada,2023-04-18
CU00618,C00685,Corriente,Inactiva,2024-05-15
CU00619,C00401,Ahorro,Inactiva,2025-01-02
CU00620,C00922,Ahorro,Bloqueada,2024-12-14
CU00621,C00981,Inversión,Activa,2022-05-01
CU00622,C00476,Ahorro,Activa,2021-02-09
CU00623,C00702,Ahorro,Activa,2023-11-28
CU00624,C00634,Corriente,Bloqueada,2022-07-22
CU00625,C00558,Ahorro,Bloqueada,2025-04-17
CU00626,C00576,Corriente,Activa,2024-10-05
CU00627,C00130,Ahorro,Activa,2023-03-07
CU00628,C00822,Inversión,Activa,2021-09-28
CU00629,C00363,Corriente,Inactiva,2024-05-15
CU00630,C00705,Ahorro,Bloqueada,2024-10-03
CU00631,C00819,Corriente,Inactiva,2023-11-14
CU00632,C00693,Inversión,Bloqueada,2023-04-21
CU00633,C00292,Inversión,Bloqueada,2024-02-08
CU00634,C00371,Corriente,Inactiva,2020-10-02
CU00635,C00794,Inversión,Activa,2022-12-13
CU00636,C00029,Inversión,Bloqueada,2023-11-04
CU00637,C00149,Ahorro,Inactiva,2024-04-18
CU00638,C00779,Inversión,Inactiva,2024-02-28
CU00639,C00296,Ahorro,Bloqueada,2020-10-12
CU00640,C00011,Corriente,Activa,2024-11-07
CU00641,C00512,Inversión,Bloqueada,2020-08-02
CU00642,C00676,Corriente,Bloqueada,2022-03-27
CU00643,C00113,Inversión,Activa,2020-09-05
CU00644,C00187,Ahorro,Inactiva,2024-07-04
CU00645,C00807,Inversión,Inactiva,2023-05-31
CU00646,C00744,Corriente,Activa,2025-05-05
CU00647,C00227,Inversión,Inactiva,2021-01-24
CU00648,C00310,Ahorro,Inactiva,2025-03-14
CU00649,C00098,Corriente,Activa,2021-03-07
CU00650,C00055,Ahorro,Activa,2024-09-17
CU00651,C00623,Inversión,Inactiva,2023-02-13
CU00652,C00664,Inversión,Bloqueada,2020-09-10
CU00653,C00758,Ahorro,Inactiva,2025-02-24
CU00654,C00406,Corriente,Activa,2023-03-31
CU00655,C00069,Ahorro,Bloqueada,2023-03-29
CU00656,C00312,Corriente,Bloqueada,2020-09-21
CU00657,C00289,Corriente,Bloqueada,2020-12-12
CU00658,C00762,Corriente,Bloqueada,2022-03-17
CU00659,C00548,Ahorro,Bloqueada,2020-10-15
CU00660,C00751,Corriente,Bloqueada,2021-11-05
CU00661,C00148,Ahorro,Bloqueada,2024-03-18
CU00662,C00467,Ahorro,Activa,2024-07-17
CU00663,C00739,Ahorro,Bloqueada,2025-04-02
CU00664,C00244,Inversión,Inactiva,2021-07-23
CU00665,C00491,Inversión,Bloqueada,2025-02-09
CU00666,C00849,Inversión,Bloqueada,2022-12-12
CU00667,C00958,Corriente,Bloqueada,2020-09-04
CU00668,C00507,Inversión,Bloqueada,2022-10-09
CU00669,C00365,Inversión,Bloqueada,2024-07-20
CU00670,C00482,Inversión,Activa,2024-01-18
CU00671,C00201,Corriente,Inactiva,2023-12-01
CU00672,C00154,Ahorro,Bloqueada,2022-05-15
CU00673,C00450,Inversión,Bloqueada,2024-12-11
CU00674,C00501,Ahorro,Activa,2021-06-19
CU00675,C00073,Ahorro,Inactiva,2022-11-23
CU00676,C00713,Ahorro,Inactiva,2020-08-01
CU00677,C00296,Ahorro,Bloqueada,2023-09-05
CU00678,C00017,Inversión,Bloqueada,2023-12-26
CU00679,C00641,Corriente,Bloqueada,2021-11-19
CU00680,C00217,Inversión,Inactiva,2022-06-23
CU00681,C00061,Corriente,Activa,2024-05-02
CU00682,C00939,Inversión,Bloqueada,2022-05-19
CU00683,C00616,Inversión,Bloqueada,2023-10-05
CU00684,C00042,Ahorro,Activa,2023-03-31
CU00685,C00025,Corriente,Activa,2024-05-06
CU00686,C00039,Inversión,Bloqueada,2022-02-20
CU00687,C00803,Corriente,Activa,2024-03-07
CU00688,C00131,Corriente,Bloqueada,2021-10-08
CU00689,C00498,Inversión,Inactiva,2020-11-06
CU00690,C00229,Corriente,Inactiva,2024-07-02
CU00691,C00108,Inversión,Activa,2024-03-26
CU00692,C00172,Inversión,Activa,2022-06-06
CU00693,C00435,Ahorro,Inactiva,2021-07-29
CU00694,C00478,Ahorro,Inactiva,2020-09-19
CU00695,C00102,Corriente,Activa,2024-08-03
CU00696,C00866,Ahorro,Inactiva,2023-11-29
CU00697,C00524,Corriente,Inactiva,2023-12-20
CU00698,C00275,Inversión,Activa,2021-03-14
CU00699,C00613,Ahorro,Bloqueada,2023-05-08
CU00700,C00044,Inversión,Activa,2025-01-20
CU00701,C00955,Ahorro,Bloqueada,2023-12-03
CU00702,C00817,Ahorro,Bloqueada,2023-04-09
CU00703,C00957,Ahorro,Inactiva,2024-07-24
CU00704,C00017,Inversión,Inactiva,2023-11-29
CU00705,C00330,Corriente,Activa,2022-04-02
CU00706,C00569,Ahorro,Activa,2022-04-26
CU00707,C00823,Inversión,Inactiva,2024-01-18
CU00708,C00497,Corriente,Inactiva,2022-07-06
CU00709,C00815,Corriente,Bloqueada,2021-07-12
CU00710,C00012,Ahorro,Inactiva,2024-06-10
CU00711,C00318,Inversión,Activa,2021-07-28
CU00712,C00592,Inversión,Inactiva,2020-12-16
CU00713,C00216,Corriente,Inactiva,2021-09-02
CU00714,C00339,Inversión,Inactiva,2021-07-29
CU00715,C00776,Corriente,Activa,2023-02-26
CU00716,C00991,Corriente,Inactiva,2024-11-06
CU00717,C00661,Corriente,Bloqueada,2022-01-03
CU00718,C00081,Ahorro,Bloqueada,2021-11-14
CU00719,C00727,Inversión,Activa,2021-04-12
CU00720,C00485,Ahorro,Activa,2025-03-19
CU00721,C00374,Corriente,Inactiva,2021-10-07
CU00722,C00976,Inversión,Inactiva,2023-05-21
CU00723,C00710,Inversión,Activa,2024-07-24
CU00724,C00200,Corriente,Bloqueada,2021-07-24
CU00725,C00537,Inversión,Bloqueada,2022-03-23
CU00726,C00466,Corriente,Activa,2021-10-12
CU00727,C00089,Corriente,Activa,2024-04-30
CU00728,C00268,Corriente,Bloqueada,2024-09-15
CU00729,C00655,Corriente,Bloqueada,2022-04-04
CU00730,C00571,Inversión,Bloqueada,2021-01-24
CU00731,C00922,Ahorro,Inactiva,2024-01-28
CU00732,C00489,Inversión,Bloqueada,2020-08-11
CU00733,C00877,Ahorro,Bloqueada,2024-09-14
CU00734,C00538,Inversión,Activa,2022-12-06
CU00735,C00047,Corriente,Bloqueada,2024-04-04
CU00736,C00288,Inversión,Bloqueada,2025-06-12
CU00737,C00778,Inversión,Inactiva,2023-04-04
CU00738,C00016,Inversión,Inactiva,2024-12-15
CU00739,C00711,Corriente,Inactiva,2021-06-05
CU00740,C00401,Ahorro,Activa,2024-05-22
CU00741,C00919,Inversión,Activa,2024-11-07
CU00742,C00794,Corriente,Inactiva,2022-07-05
CU00743,C00981,Ahorro,Inactiva,2025-02-09
CU00744,C00086,Corriente,Bloqueada,2025-05-04
CU00745,C00250,Ahorro,Bloqueada,2024-02-08
CU00746,C00391,Corriente,Bloqueada,2022-05-16
CU00747,C00782,Corriente,Inactiva,2024-08-02
CU00748,C00335,Corriente,Bloqueada,2021-09-01
CU00749,C00629,Corriente,Bloqueada,2024-01-24
CU00750,C00519,Corriente,Inactiva,2023-12-18
CU00751,C00137,Inversión,Bloqueada,2025-06-28
CU00752,C00883,Inversión,Inactiva,2024-02-02
CU00753,C00688,Ahorro,Activa,2023-01-02
CU00754,C00840,Inversión,Activa,2023-10-04
CU00755,C00498,Corriente,Bloqueada,2024-02-20
CU00756,C00827,Corriente,Activa,2022-05-20
CU00757,C00727,Inversión,Activa,2022-07-01
CU00758,C00477,Ahorro,Inactiva,2020-10-10
CU00759,C00594,Ahorro,Inactiva,2021-05-01
CU00760,C00223,Ahorro,Bloqueada,2024-04-05
CU00761,C00990,Inversión,Inactiva,2023-04-08
CU00762,C00372,Corriente,Bloqueada,2023-12-26
CU00763,C00935,Ahorro,Bloqueada,2021-01-06
CU00764,C00995,Ahorro,Inactiva,2020-09-24
CU00765,C00402,Ahorro,Bloqueada,2023-11-28
CU00766,C00443,Corriente,Activa,2020-09-25
CU00767,C00490,Corriente,Activa,2021-10-08
CU00768,C00615,Ahorro,Activa,2025-04-19
CU00769,C00273,Corriente,Inactiva,2024-06-30
CU00770,C00526,Ahorro,Activa,2022-01-08
CU00771,C00159,Inversión,Bloqueada,2020-07-15
CU00772,C00152,Ahorro,Bloqueada,2021-07-23
CU00773,C00995,Inversión,Bloqueada,2022-12-22
CU00774,C00620,Corriente,Inactiva,2025-06-03
CU00775,C00188,Ahorro,Activa,2022-07-10
CU00776,C00813,Corriente,Inactiva,2022-07-18
CU00777,C00098,Ahorro,Bloqueada,2025-01-05
CU00778,C00131,Inversión,Activa,2022-10-10
CU00779,C00805,Corriente,Activa,2022-07-15
CU00780,C00171,Corriente,Activa,2022-03-12
CU00781,C00936,Ahorro,Inactiva,2021-11-15
CU00782,C00986,Corriente,Activa,2023-11-19
CU00783,C00183,Inversión,Inactiva,2022-12-29
CU00784,C00983,Inversión,Activa,2023-11-16
CU00785,C00364,Ahorro,Bloqueada,2022-03-19
CU00786,C00039,Ahorro,Inactiva,2024-02-24
CU00787,C00527,Corriente,Activa,2024-09-18
CU00788,C00888,Inversión,Inactiva,2024-03-12
CU00789,C00497,Corriente,Activa,2024-02-14
CU00790,C00516,Inversión,Bloqueada,2022-08-25
CU00791,C00349,Inversión,Bloqueada,2021-11-21
CU00792,C00982,Ahorro,Bloqueada,2020-12-02
CU00793,C00921,Corriente,Activa,2021-07-11
CU00794,C00397,Inversión,Inactiva,2024-02-10
CU00795,C00722,Ahorro,Inactiva,2021-02-19
CU00796,C00161,Inversión,Bloqueada,2025-05-28
CU00797,C00016,Ahorro,Bloqueada,2020-12-19
CU00798,C00493,Ahorro,Bloqueada,2023-11-11
CU00799,C00426,Ahorro,Activa,2024-09-08
CU00800,C00108,Corriente,Inactiva,2022-03-21
CU00801,C00894,Ahorro,Activa,2021-08-17
CU00802,C00450,Ahorro,Bloqueada,2024-10-21
CU00803,C00311,Inversión,Bloqueada,2021-05-21
CU00804,C00739,Ahorro,Activa,2022-03-28
CU00805,C00170,Inversión,Bloqueada,2022-06-09
CU00806,C00546,Inversión,Inactiva,2024-02-11
CU00807,C00414,Corriente,Bloqueada,2021-12-20
CU00808,C00251,Ahorro,Inactiva,2022-05-25
CU00809,C00759,Ahorro,Bloqueada,2020-09-04
CU00810,C00781,Inversión,Activa,2021-12-28
CU00811,C00141,Corriente,Bloqueada,2022-03-14
CU00812,C00274,Ahorro,Bloqueada,2020-11-30
CU00813,C00416,Corriente,Activa,2021-09-15
CU00814,C00608,Inversión,Bloqueada,2022-01-28
CU00815,C00739,Ahorro,Activa,2023-03-07
CU00816,C00891,Corriente,Activa,2023-04-26
CU00817,C00039,Ahorro,Inactiva,2022-11-18
CU00818,C00814,Ahorro,Bloqueada,2024-01-31
CU00819,C00029,Corriente,Bloqueada,2022-01-02
CU00820,C00958,Ahorro,Bloqueada,2022-03-11
CU00821,C00477,Inversión,Inactiva,2021-10-20
CU00822,C00318,Ahorro,Bloqueada,2022-05-14
CU00823,C00245,Ahorro,Inactiva,2021-01-15
CU00824,C00748,Corriente,Inactiva,2023-07-30
CU00825,C00697,Corriente,Bloqueada,2021-12-05
CU00826,C00272,Corriente,Bloqueada,2022-06-05
CU00827,C00440,Ahorro,Activa,2022-05-29
CU00828,C00748,Corriente,Inactiva,2024-07-27
CU00829,C00239,Ahorro,Inactiva,2025-01-04
CU00830,C00377,Inversión,Inactiva,2022-07-13
CU00831,C00266,Inversión,Inactiva,2020-07-22
CU00832,C00926,Ahorro,Inactiva,2020-09-15
CU00833,C00921,Ahorro,Activa,2023-10-15
CU00834,C00359,Inversión,Activa,2021-12-11
CU00835,C00340,Inversión,Inactiva,2024-09-17
CU00836,C00389,Ahorro,Bloqueada,2024-10-18
CU00837,C00577,Inversión,Bloqueada,2024-11-15
CU00838,C00990,Inversión,Bloqueada,2024-02-10
CU00839,C00689,Ahorro,Bloqueada,2020-07-23
CU00840,C00003,Corriente,Inactiva,2021-10-01
CU00841,C00429,Corriente,Bloqueada,2020-10-08
CU00842,C00142,Inversión,Bloqueada,2025-05-05
CU00843,C00376,Ahorro,Inactiva,2022-12-17
CU00844,C00670,Inversión,Bloqueada,2021-01-08
CU00845,C00324,Inversión,Bloqueada,2023-08-29
CU00846,C00146,Ahorro,Bloqueada,2025-01-21
CU00847,C00958,Corriente,Bloqueada,2020-07-02
CU00848,C00293,Inversión,Activa,2022-12-08
CU00849,C00665,Inversión,Activa,2022-07-16
CU00850,C00432,Corriente,Activa,2022-02-08
CU00851,C00705,Ahorro,Bloqueada,2022-11-13
CU00852,C00949,Ahorro,Bloqueada,2023-12-13
CU00853,C00975,Ahorro,Inactiva,2021-06-21
CU00854,C00585,Ahorro,Bloqueada,2025-06-09
CU00855,C00399,Ahorro,Inactiva,2024-04-24
CU00856,C00817,Inversión,Bloqueada,2024-06-11
CU00857,C00889,Inversión,Activa,2023-02-20
CU00858,C00344,Corriente,Bloqueada,2023-04-02
CU00859,C00964,Corriente,Bloqueada,2022-03-12
CU00860,C00140,Corriente,Activa,2023-12-02
CU00861,C00187,Corriente,Bloqueada,2024-09-27
CU00862,C00805,Ahorro,Bloqueada,2023-11-13
CU00863,C00061,Ahorro,Bloqueada,2020-08-31
CU00864,C00997,Corriente,Bloqueada,2024-03-12
CU00865,C00939,Inversión,Inactiva,2025-01-17
CU00866,C00380,Ahorro,Bloqueada,2023-03-15
CU00867,C00710,Ahorro,Activa,2021-09-25
CU00868,C00807,Inversión,Inactiva,2023-10-27
CU00869,C00440,Inversión,Bloqueada,2024-11-01
CU00870,C00319,Inversión,Inactiva,2022-07-23
CU00871,C00302,Inversión,Bloqueada,2024-10-14
CU00872,C00344,Inversión,Bloqueada,2023-12-05
CU00873,C00011,Corriente,Bloqueada,2021-11-09
CU00874,C00062,Inversión,Bloqueada,2022-09-09
CU00875,C00845,Ahorro,Inactiva,2021-06-11
CU00876,C00226,Inversión,Bloqueada,2020-07-25
CU00877,C00153,Corriente,Bloqueada,2023-01-08
CU00878,C00711,Ahorro,Bloqueada,2023-12-19
CU00879,C00564,Inversión,Inactiva,2020-10-16
CU00880,C00772,Inversión,Inactiva,2021-05-05
CU00881,C00571,Inversión,Activa,2024-06-21
CU00882,C00584,Ahorro,Bloqueada,2023-06-06
CU00883,C00660,Inversión,Activa,2024-09-03
CU00884,C00861,Corriente,Activa,2021-06-24
CU00885,C00575,Corriente,Inactiva,2023-08-04
CU00886,C00310,Inversión,Activa,2025-04-26
CU00887,C00885,Ahorro,Activa,2020-07-14
CU00888,C00243,Ahorro,Bloqueada,2020-08-09
CU00889,C00493,Corriente,Activa,2022-06-08
CU00890,C00366,Corriente,Activa,2024-05-16
CU00891,C00330,Ahorro,Inactiva,2021-03-20
CU00892,C00107,Ahorro,Activa,2025-04-21
CU00893,C00226,Corriente,Inactiva,2023-05-13
CU00894,C00825,Inversión,Bloqueada,2024-03-15
CU00895,C00218,Inversión,Inactiva,2023-03-01
CU00896,C00937,Ahorro,Activa,2021-05-09
CU00897,C00753,Inversión,Activa,2021-05-04
CU00898,C00506,Ahorro,Bloqueada,2022-09-26
CU00899,C00259,Corriente,Inactiva,2022-04-02
CU00900,C00888,Corriente,Activa,2021-12-17
CU00901,C00774,Ahorro,Bloqueada,2021-06-04
CU00902,C00517,Corriente,Activa,2024-08-01
CU00903,C00773,Inversión,Inactiva,2024-11-03
CU00904,C00054,Corriente,Inactiva,2023-09-29
CU00905,C00047,Corriente,Activa,2021-06-18
CU00906,C00727,Inversión,Bloqueada,2022-12-30
CU00907,C00689,Inversión,Bloqueada,2025-02-27
CU00908,C00521,Ahorro,Bloqueada,2022-03-26
CU00909,C00099,Corriente,Bloqueada,2024-04-03
CU00910,C00020,Ahorro,Activa,2022-04-27
CU00911,C00890,Ahorro,Bloqueada,2022-04-18
CU00912,C00753,Inversión,Bloqueada,2023-01-07
CU00913,C00573,Ahorro,Bloqueada,2025-01-11
CU00914,C00891,Ahorro,Inactiva,2023-12-09
CU00915,C00490,Corriente,Activa,2024-01-10
CU00916,C00419,Ahorro,Bloqueada,2025-05-31
CU00917,C00690,Ahorro,Bloqueada,2024-02-17
CU00918,C00850,Ahorro,Inactiva,2020-11-08
CU00919,C00062,Corriente,Bloqueada,2022-06-11
CU00920,C00145,Inversión,Bloqueada,2022-07-28
CU00921,C00216,Corriente,Activa,2022-12-22
CU00922,C00003,Inversión,Inactiva,2025-06-10
CU00923,C00160,Inversión,Inactiva,2022-05-22
CU00924,C00739,Inversión,Inactiva,2024-10-18
CU00925,C00998,Corriente,Bloqueada,2021-01-15
CU00926,C00781,Corriente,Inactiva,2022-09-07
CU00927,C00120,Inversión,Bloqueada,2024-09-03
CU00928,C00893,Corriente,Activa,2020-10-16
CU00929,C00089,Ahorro,Activa,2023-04-03
CU00930,C00329,Inversión,Bloqueada,2021-02-05
CU00931,C00580,Inversión,Inactiva,2023-12-30
CU00932,C00910,Inversión,Activa,2021-01-18
CU00933,C00357,Inversión,Bloqueada,2021-03-22
CU00934,C00610,Ahorro,Inactiva,2025-04-23
CU00935,C00267,Corriente,Activa,2020-12-17
CU00936,C00617,Ahorro,Bloqueada,2024-01-14
CU00937,C00952,Corriente,Bloqueada,2024-03-23
CU00938,C00323,Ahorro,Bloqueada,2024-11-02
CU00939,C00635,Inversión,Bloqueada,2022-05-13
CU00940,C00988,Ahorro,Inactiva,2022-01-12
CU00941,C00541,Ahorro,Bloqueada,2022-09-08
CU00942,C00649,Inversión,Bloqueada,2024-04-23
CU00943,C00195,Corriente,Bloqueada,2020-07-24
CU00944,C00921,Corriente,Bloqueada,2022-07-30
CU00945,C00738,Inversión,Activa,2021-05-20
CU00946,C00332,Inversión,Bloqueada,2025-05-09
CU00947,C00170,Inversión,Activa,2021-07-14
CU00948,C00521,Inversión,Inactiva,2022-05-21
CU00949,C00463,Inversión,Inactiva,2022-10-10
CU00950,C00040,Ahorro,Activa,2024-10-03
CU00951,C00537,Corriente,Bloqueada,2021-03-01
CU00952,C00261,Inversión,Activa,2023-07-28
CU00953,C00395,Corriente,Activa,2024-03-15
CU00954,C00955,Inversión,Activa,2022-07-25
CU00955,C00226,Ahorro,Bloqueada,2021-02-03
CU00956,C00984,Ahorro,Bloqueada,2020-07-18
CU00957,C00124,Ahorro,Activa,2020-09-18
CU00958,C00975,Ahorro,Inactiva,2023-02-22
CU00959,C00038,Corriente,Activa,2022-08-02
CU00960,C00328,Ahorro,Inactiva,2024-09-17
CU00961,C00251,Corriente,Inactiva,2024-10-19
CU00962,C00901,Inversión,Bloqueada,2022-12-22
CU00963,C00176,Inversión,Inactiva,2024-06-04
CU00964,C00602,Ahorro,Activa,2024-08-09
CU00965,C00914,Corriente,Activa,2021-11-04
CU00966,C00454,Inversión,Bloqueada,2022-01-05
CU00967,C00037,Inversión,Inactiva,2020-08-10
CU00968,C00316,Inversión,Activa,2024-06-14
CU00969,C00688,Inversión,Inactiva,2025-06-10
CU00970,C00973,Ahorro,Inactiva,2024-04-19
CU00971,C00796,Ahorro,Bloqueada,2022-01-13
CU00972,C00965,Ahorro,Activa,2020-12-01
CU00973,C00973,Inversión,Activa,2024-05-27
CU00974,C00593,Ahorro,Activa,2021-06-13
CU00975,C00114,Inversión,Inactiva,2024-12-30
CU00976,C00040,Ahorro,Bloqueada,2022-02-03
CU00977,C00301,Ahorro,Activa,2024-10-11
CU00978,C00224,Corriente,Bloqueada,2022-05-26
CU00979,C00318,Corriente,Bloqueada,2020-07-16
CU00980,C00349,Inversión,Bloqueada,2022-08-16
CU00981,C00115,Inversión,Inactiva,2024-06-20
CU00982,C00698,Inversión,Inactiva,2022-03-19
CU00983,C00323,Corriente,Bloqueada,2024-01-12
CU00984,C00568,Ahorro,Bloqueada,2025-02-12
CU00985,C00040,Corriente,Inactiva,2024-10-18
CU00986,C00866,Ahorro,Activa,2021-01-02
CU00987,C00040,Inversión,Bloqueada,2023-08-15
CU00988,C00859,Corriente,Inactiva,2024-12-08
CU00989,C00973,Inversión,Bloqueada,2024-04-18
CU00990,C00749,Ahorro,Activa,2021-04-21
CU00991,C00289,Ahorro,Activa,2023-10-25
CU00992,C00262,Corriente,Bloqueada,2021-04-20
CU00993,C00216,Corriente,Activa,2024-10-09
CU00994,C00147,Corriente,Bloqueada,2021-06-08
CU00995,C00336,Inversión,Activa,2024-04-29
CU00996,C00168,Ahorro,Inactiva,2021-07-27
CU00997,C00092,Corriente,Bloqueada,2020-11-29
CU00998,C00353,Inversión,Bloqueada,2024-06-08
CU00999,C00571,Inversión,Inactiva,2023-02-11
CU01000,C00571,Inversión,Activa,2021-05-29
CU01001,C00816,Ahorro,Inactiva,2020-08-06
CU01002,C00681,Corriente,Activa,2021-05-16
CU01003,C00781,Corriente,Activa,2023-01-19
CU01004,C00363,Inversión,Bloqueada,2022-10-30
CU01005,C00557,Corriente,Inactiva,2024-09-20
CU01006,C00345,Ahorro,Inactiva,2021-06-07
CU01007,C00693,Corriente,Inactiva,2023-03-17
CU01008,C00170,Inversión,Inactiva,2023-05-29
CU01009,C00356,Ahorro,Activa,2025-05-17
CU01010,C00191,Corriente,Bloqueada,2021-04-29
CU01011,C00667,Ahorro,Bloqueada,2024-09-15
CU01012,C00422,Corriente,Inactiva,2022-08-13
CU01013,C00700,Ahorro,Bloqueada,2024-04-22
CU01014,C00007,Inversión,Bloqueada,2022-11-14
CU01015,C00133,Inversión,Activa,2025-06-03
CU01016,C00747,Inversión,Activa,2023-11-04
CU01017,C00557,Ahorro,Bloqueada,2022-03-05
CU01018,C00826,Ahorro,Inactiva,2021-08-17
CU01019,C00761,Inversión,Inactiva,2021-09-29
CU01020,C00031,Inversión,Activa,2021-06-25
CU01021,C00535,Ahorro,Bloqueada,2023-09-14
CU01022,C00426,Ahorro,Bloqueada,2021-09-01
CU01023,C00394,Ahorro,Bloqueada,2021-07-31
CU01024,C00672,Ahorro,Activa,2020-11-26
CU01025,C00363,Ahorro,Activa,2022-03-25
CU01026,C00437,Corriente,Bloqueada,2025-05-13
CU01027,C00670,Corriente,Inactiva,2024-08-11
CU01028,C00551,Corriente,Inactiva,2024-10-29
CU01029,C00927,Ahorro,Activa,2025-05-28
CU01030,C00082,Ahorro,Inactiva,2023-11-02
CU01031,C00356,Ahorro,Inactiva,2024-04-27
CU01032,C00258,Inversión,Bloqueada,2023-12-24
CU01033,C00718,Inversión,Bloqueada,2021-08-21
CU01034,C00589,Inversión,Inactiva,2023-09-28
CU01035,C00989,Inversión,Activa,2024-02-16
CU01036,C00524,Corriente,Bloqueada,2024-12-02
CU01037,C00295,Ahorro,Inactiva,2024-01-29
CU01038,C00962,Corriente,Bloqueada,2022-10-26
CU01039,C00224,Ahorro,Bloqueada,2023-04-13
CU01040,C00525,Corriente,Inactiva,2022-07-25
CU01041,C00046,Inversión,Inactiva,2021-05-09
CU01042,C00667,Corriente,Activa,2024-07-14
CU01043,C00113,Corriente,Inactiva,2023-12-20
CU01044,C00233,Ahorro,Bloqueada,2020-11-12
CU01045,C00017,Inversión,Activa,2025-04-08
CU01046,C00360,Corriente,Inactiva,2024-07-17
CU01047,C00223,Ahorro,Bloqueada,2023-12-10
CU01048,C00866,Inversión,Activa,2022-06-10
CU01049,C00700,Inversión,Activa,2025-02-24
CU01050,C00448,Ahorro,Activa,2023-01-25
CU01051,C00856,Ahorro,Bloqueada,2022-10-27
CU01052,C00365,Ahorro,Bloqueada,2021-10-10
CU01053,C00675,Inversión,Activa,2024-09-20
CU01054,C00326,Ahorro,Bloqueada,2025-01-27
CU01055,C00467,Corriente,Activa,2023-06-01
CU01056,C00414,Ahorro,Activa,2021-03-02
CU01057,C00455,Corriente,Bloqueada,2023-10-08
CU01058,C00586,Corriente,Bloqueada,2020-06-28
CU01059,C00233,Corriente,Activa,2024-07-24
CU01060,C00224,Corriente,Bloqueada,2022-05-03
CU01061,C00994,Ahorro,Inactiva,2024-05-22
CU01062,C00831,Inversión,Activa,2022-09-14
CU01063,C00412,Corriente,Activa,2023-07-03
CU01064,C00572,Ahorro,Bloqueada,2021-06-02
CU01065,C00335,Corriente,Bloqueada,2022-02-09
CU01066,C00222,Ahorro,Bloqueada,2020-12-30
CU01067,C00037,Corriente,Inactiva,2024-09-21
CU01068,C00989,Inversión,Bloqueada,2024-10-10
CU01069,C00278,Corriente,Activa,2025-01-31
CU01070,C00196,Inversión,Bloqueada,2022-12-04
CU01071,C00916,Inversión,Bloqueada,2023-02-24
CU01072,C00864,Ahorro,Activa,2024-07-25
CU01073,C00484,Corriente,Activa,2020-09-08
CU01074,C00242,Corriente,Inactiva,2022-02-16
CU01075,C00324,Inversión,Bloqueada,2024-04-29
CU01076,C00731,Corriente,Inactiva,2023-08-16
CU01077,C00192,Ahorro,Activa,2021-02-17
CU01078,C00017,Inversión,Activa,2025-01-26
CU01079,C00524,Inversión,Activa,2022-09-09
CU01080,C00918,Ahorro,Activa,2021-10-21
CU01081,C00401,Ahorro,Activa,2021-06-21
CU01082,C00906,Ahorro,Inactiva,2022-06-18
CU01083,C00886,Corriente,Bloqueada,2023-12-08
CU01084,C00705,Ahorro,Activa,2024-06-06
CU01085,C00022,Ahorro,Bloqueada,2025-06-05
CU01086,C00474,Inversión,Activa,2022-02-28
CU01087,C00120,Corriente,Inactiva,2023-04-05
CU01088,C00210,Inversión,Inactiva,2022-04-10
CU01089,C00306,Inversión,Inactiva,2023-10-01
CU01090,C00270,Ahorro,Inactiva,2021-12-08
CU01091,C00704,Corriente,Bloqueada,2023-01-01
CU01092,C00687,Ahorro,Inactiva,2025-02-04
CU01093,C00285,Inversión,Inactiva,2024-01-16
CU01094,C00716,Corriente,Inactiva,2023-07-27
CU01095,C00676,Inversión,Activa,2021-04-18
CU01096,C00763,Inversión,Inactiva,2024-01-30
CU01097,C00227,Corriente,Bloqueada,2024-04-27
CU01098,C00948,Ahorro,Activa,2025-04-26
CU01099,C00381,Ahorro,Bloqueada,2024-09-26
CU01100,C00460,Inversión,Activa,2022-05-26
CU01101,C00007,Ahorro,Bloqueada,2022-11-22
CU01102,C00029,Corriente,Bloqueada,2023-04-19
CU01103,C00907,Corriente,Bloqueada,2022-12-29
CU01104,C00033,Ahorro,Activa,2024-07-03
CU01105,C00646,Ahorro,Bloqueada,2025-03-02
CU01106,C00879,Inversión,Bloqueada,2024-11-13
CU01107,C00079,Corriente,Activa,2021-01-19
CU01108,C00928,Ahorro,Bloqueada,2022-12-27
CU01109,C00947,Ahorro,Activa,2023-09-14
CU01110,C00459,Ahorro,Inactiva,2024-05-31
CU01111,C00570,Inversión,Bloqueada,2023-03-19
CU01112,C00983,Corriente,Activa,2024-07-14
CU01113,C00538,Inversión,Inactiva,2023-11-22
CU01114,C00482,Corriente,Bloqueada,2022-09-20
CU01115,C00430,Corriente,Inactiva,2025-03-26
CU01116,C00738,Inversión,Bloqueada,2020-08-18
CU01117,C00285,Ahorro,Activa,2021-06-17
CU01118,C00516,Inversión,Inactiva,2024-06-27
CU01119,C00977,Ahorro,Inactiva,2021-03-29
CU01120,C00099,Inversión,Inactiva,2024-11-06
CU01121,C00397,Ahorro,Inactiva,2023-09-19
CU01122,C00489,Inversión,Bloqueada,2024-05-03
CU01123,C00039,Corriente,Activa,2025-04-24
CU01124,C00271,Ahorro,Inactiva,2020-09-16
CU01125,C00887,Inversión,Activa,2023-07-02
CU01126,C00797,Inversión,Bloqueada,2025-01-16
CU01127,C00157,Ahorro,Activa,2024-02-17
CU01128,C00075,Corriente,Activa,2022-01-16
CU01129,C00884,Inversión,Bloqueada,2021-12-14
CU01130,C00800,Ahorro,Inactiva,2023-11-02
CU01131,C00130,Ahorro,Bloqueada,2024-01-24
CU01132,C00687,Corriente,Inactiva,2020-06-28
CU01133,C00974,Corriente,Bloqueada,2022-12-30
CU01134,C00084,Corriente,Activa,2022-06-13
CU01135,C00022,Corriente,Inactiva,2021-04-22
CU01136,C00459,Inversión,Bloqueada,2024-09-19
CU01137,C00539,Inversión,Bloqueada,2021-08-30
CU01138,C00707,Corriente,Bloqueada,2025-03-29
CU01139,C00849,Corriente,Inactiva,2021-10-13
CU01140,C00382,Corriente,Activa,2024-02-26
CU01141,C00748,Corriente,Bloqueada,2024-03-10
CU01142,C00440,Ahorro,Bloqueada,2020-11-02
CU01143,C00604,Ahorro,Activa,2024-02-02
CU01144,C00989,Ahorro,Activa,2021-05-04
CU01145,C00021,Ahorro,Activa,2024-08-13
CU01146,C00303,Inversión,Activa,2022-08-02
CU01147,C00976,Ahorro,Bloqueada,2021-06-18
CU01148,C00869,Ahorro,Bloqueada,2021-03-19
CU01149,C00955,Ahorro,Inactiva,2022-11-14
CU01150,C00084,Ahorro,Bloqueada,2021-07-16
CU01151,C00774,Corriente,Bloqueada,2023-07-28
CU01152,C00659,Corriente,Activa,2023-05-25
CU01153,C00953,Corriente,Inactiva,2023-07-20
CU01154,C00453,Corriente,Activa,2023-12-08
CU01155,C00387,Ahorro,Bloqueada,2023-05-07
CU01156,C00507,Inversión,Bloqueada,2021-05-30
CU01157,C00257,Corriente,Bloqueada,2021-07-04
CU01158,C00570,Ahorro,Inactiva,2022-08-19
CU01159,C00892,Corriente,Activa,2023-06-06
CU01160,C00934,Corriente,Inactiva,2025-02-22
CU01161,C00527,Corriente,Bloqueada,2022-03-14
CU01162,C00162,Corriente,Bloqueada,2023-12-19
CU01163,C00957,Ahorro,Activa,2023-10-19
CU01164,C00163,Ahorro,Activa,2021-06-18
CU01165,C00832,Ahorro,Activa,2022-12-04
CU01166,C00793,Inversión,Activa,2023-08-27
CU01167,C00792,Corriente,Bloqueada,2025-04-04
CU01168,C00524,Inversión,Inactiva,2023-03-16
CU01169,C00786,Inversión,Activa,2021-03-27
CU01170,C00271,Inversión,Activa,2021-11-13
CU01171,C00492,Ahorro,Activa,2021-01-15
CU01172,C00208,Ahorro,Bloqueada,2023-12-30
CU01173,C00539,Corriente,Bloqueada,2020-08-14
CU01174,C00584,Ahorro,Activa,2023-06-17
CU01175,C00060,Ahorro,Bloqueada,2025-05-20
CU01176,C00430,Inversión,Inactiva,2020-09-25
CU01177,C00985,Ahorro,Bloqueada,2024-04-28
CU01178,C00657,Corriente,Bloqueada,2020-10-31
CU01179,C00605,Corriente,Activa,2024-11-14
CU01180,C00309,Inversión,Inactiva,2021-10-20
CU01181,C00520,Ahorro,Bloqueada,2023-09-03
CU01182,C00591,Inversión,Activa,2022-11-25
CU01183,C00027,Corriente,Inactiva,2023-02-22
CU01184,C00686,Corriente,Activa,2023-03-22
CU01185,C00562,Ahorro,Activa,2024-03-02
CU01186,C00199,Ahorro,Bloqueada,2025-05-31
CU01187,C00387,Corriente,Bloqueada,2022-08-30
CU01188,C00349,Corriente,Inactiva,2020-10-31
CU01189,C00960,Inversión,Inactiva,2020-11-17
CU01190,C00940,Inversión,Inactiva,2024-10-19
CU01191,C00693,Inversión,Activa,2023-09-09
CU01192,C00536,Ahorro,Bloqueada,2024-01-08
CU01193,C00828,Ahorro,Bloqueada,2023-04-30
CU01194,C00378,Corriente,Activa,2022-07-29
CU01195,C00899,Ahorro,Activa,2021-11-22
CU01196,C00916,Ahorro,Inactiva,2023-06-28
CU01197,C00558,Ahorro,Bloqueada,2022-07-24
CU01198,C00527,Ahorro,Activa,2022-01-25
CU01199,C00153,Ahorro,Activa,2023-12-13
CU01200,C00734,Ahorro,Inactiva,2024-04-07
CU01201,C00206,Ahorro,Inactiva,2024-06-05
CU01202,C00455,Ahorro,Inactiva,2022-09-01
CU01203,C00273,Corriente,Inactiva,2023-07-24
CU01204,C00894,Corriente,Bloqueada,2024-07-31
CU01205,C00236,Inversión,Bloqueada,2024-01-20
CU01206,C00852,Inversión,Inactiva,2025-01-02
CU01207,C00740,Inversión,Bloqueada,2025-05-11
CU01208,C00521,Ahorro,Bloqueada,2023-05-12
CU01209,C00678,Inversión,Activa,2022-08-15
CU01210,C00944,Inversión,Bloqueada,2024-10-08
CU01211,C00956,Corriente,Bloqueada,2023-09-19
CU01212,C00831,Ahorro,Inactiva,2023-05-02
CU01213,C00726,Ahorro,Inactiva,2024-02-15
CU01214,C00501,Ahorro,Inactiva,2024-05-31
CU01215,C00117,Ahorro,Activa,2022-12-08
CU01216,C00386,Inversión,Activa,2021-07-23
CU01217,C00344,Corriente,Inactiva,2024-08-24
CU01218,C00584,Ahorro,Activa,2022-07-01
CU01219,C00395,Ahorro,Activa,2021-10-30
CU01220,C00064,Corriente,Bloqueada,2020-07-06
CU01221,C00717,Ahorro,Bloqueada,2025-02-24
CU01222,C00721,Ahorro,Bloqueada,2023-01-03
CU01223,C00072,Corriente,Inactiva,2024-05-16
CU01224,C00789,Ahorro,Inactiva,2022-03-07
CU01225,C00274,Ahorro,Inactiva,2022-04-05
CU01226,C00990,Inversión,Activa,2025-01-05
CU01227,C00320,Corriente,Bloqueada,2022-08-08
CU01228,C00338,Inversión,Bloqueada,2025-02-02
CU01229,C00366,Corriente,Inactiva,2021-11-01
CU01230,C00495,Corriente,Inactiva,2024-05-31
CU01231,C00607,Ahorro,Inactiva,2023-07-02
CU01232,C00166,Corriente,Inactiva,2022-10-04
CU01233,C00544,Inversión,Inactiva,2024-08-04
CU01234,C00011,Corriente,Inactiva,2021-04-17
CU01235,C00301,Ahorro,Inactiva,2020-07-11
CU01236,C00729,Corriente,Bloqueada,2022-08-01
CU01237,C00801,Ahorro,Activa,2021-11-28
CU01238,C00102,Ahorro,Activa,2023-04-03
CU01239,C00425,Corriente,Bloqueada,2024-02-25
CU01240,C00392,Corriente,Bloqueada,2022-09-14
CU01241,C00779,Corriente,Activa,2023-09-10
CU01242,C00214,Ahorro,Inactiva,2020-09-05
CU01243,C00691,Ahorro,Activa,2022-06-29
CU01244,C00088,Inversión,Bloqueada,2023-06-07
CU01245,C00553,Inversión,Activa,2023-04-13
CU01246,C00401,Inversión,Inactiva,2020-12-29
CU01247,C00588,Ahorro,Bloqueada,2023-11-19
CU01248,C00889,Inversión,Bloqueada,2022-09-29
CU01249,C00046,Corriente,Activa,2024-12-13
CU01250,C00672,Corriente,Bloqueada,2024-04-25
CU01251,C00463,Corriente,Activa,2022-04-24
CU01252,C00592,Inversión,Activa,2022-04-09
CU01253,C00310,Corriente,Bloqueada,2021-01-30
CU01254,C00086,Ahorro,Bloqueada,2022-07-19
CU01255,C00092,Ahorro,Activa,2021-05-10
CU01256,C00660,Corriente,Bloqueada,2024-02-15
CU01257,C00673,Corriente,Bloqueada,2023-01-17
CU01258,C00714,Ahorro,Inactiva,2025-02-17
CU01259,C00936,Corriente,Bloqueada,2022-01-28
CU01260,C00928,Ahorro,Activa,2023-07-26
CU01261,C00242,Inversión,Activa,2021-02-28
CU01262,C00865,Inversión,Bloqueada,2023-01-15
CU01263,C00002,Ahorro,Inactiva,2024-10-24
CU01264,C00225,Inversión,Bloqueada,2023-04-11
CU01265,C00801,Inversión,Bloqueada,2020-07-08
CU01266,C00745,Ahorro,Inactiva,2022-06-10
CU01267,C00973,Corriente,Bloqueada,2023-05-14
CU01268,C00926,Inversión,Activa,2025-03-17
CU01269,C00929,Corriente,Inactiva,2025-02-05
CU01270,C00589,Corriente,Inactiva,2024-12-01
CU01271,C00116,Inversión,Activa,2020-09-24
CU01272,C00666,Corriente,Bloqueada,2022-04-13
CU01273,C00918,Corriente,Bloqueada,2021-09-18
CU01274,C00103,Inversión,Inactiva,2024-12-31
CU01275,C00194,Inversión,Activa,2021-06-07
CU01276,C00166,Corriente,Inactiva,2023-09-22
CU01277,C00871,Corriente,Bloqueada,2021-07-05
CU01278,C00090,Corriente,Bloqueada,2022-02-18
CU01279,C00686,Ahorro,Activa,2021-12-09
CU01280,C00122,Ahorro,Inactiva,2024-01-10
CU01281,C00143,Corriente,Inactiva,2021-04-23
CU01282,C00994,Inversión,Bloqueada,2021-03-02
CU01283,C00106,Ahorro,Activa,2024-08-02
CU01284,C00887,Ahorro,Bloqueada,2024-05-10
CU01285,C00428,Corriente,Activa,2024-08-13
CU01286,C00305,Ahorro,Bloqueada,2022-05-21
CU01287,C00872,Corriente,Bloqueada,2024-12-06
CU01288,C00971,Inversión,Activa,2023-04-21
CU01289,C00317,Corriente,Bloqueada,2020-07-04
CU01290,C00963,Inversión,Activa,2023-06-19
CU01291,C00635,Ahorro,Inactiva,2025-05-28
CU01292,C00902,Ahorro,Activa,2024-04-27
CU01293,C00009,Ahorro,Activa,2021-11-10
CU01294,C00774,Ahorro,Bloqueada,2021-10-21
CU01295,C00073,Inversión,Bloqueada,2020-07-26
CU01296,C00359,Ahorro,Bloqueada,2020-10-16
CU01297,C00223,Corriente,Activa,2024-12-02
CU01298,C00416,Inversión,Bloqueada,2023-04-05
CU01299,C00553,Inversión,Bloqueada,2022-06-12
CU01300,C00370,Ahorro,Inactiva,2024-05-26
CU01301,C00716,Ahorro,Inactiva,2020-12-31
CU01302,C00264,Inversión,Activa,2022-08-14
CU01303,C00840,Corriente,Activa,2024-12-01
CU01304,C00690,Corriente,Inactiva,2021-03-05
CU01305,C00860,Ahorro,Activa,2024-06-19
CU01306,C00318,Ahorro,Activa,2025-02-17
CU01307,C00084,Ahorro,Inactiva,2023-08-19
CU01308,C00318,Inversión,Inactiva,2024-02-27
CU01309,C00111,Corriente,Activa,2024-06-12
CU01310,C00251,Inversión,Activa,2024-01-18
CU01311,C00383,Inversión,Bloqueada,2022-10-29
CU01312,C00007,Corriente,Activa,2021-04-02
CU01313,C00459,Inversión,Bloqueada,2024-06-19
CU01314,C00084,Ahorro,Inactiva,2024-10-08
CU01315,C00208,Inversión,Inactiva,2021-12-19
CU01316,C00900,Inversión,Inactiva,2024-01-07
CU01317,C00390,Corriente,Inactiva,2022-06-27
CU01318,C00314,Inversión,Activa,2023-10-19
CU01319,C00022,Inversión,Activa,2022-04-22
CU01320,C00410,Ahorro,Bloqueada,2024-05-05
CU01321,C00895,Inversión,Inactiva,2024-11-23
CU01322,C00515,Ahorro,Activa,2022-11-20
CU01323,C00127,Corriente,Bloqueada,2023-04-08
CU01324,C00809,Inversión,Bloqueada,2023-02-03
CU01325,C00700,Corriente,Bloqueada,2023-06-10
CU01326,C00874,Ahorro,Inactiva,2021-04-05
CU01327,C00014,Corriente,Bloqueada,2021-02-02
CU01328,C00971,Ahorro,Inactiva,2023-04-16
CU01329,C00978,Ahorro,Bloqueada,2022-06-01
CU01330,C00012,Ahorro,Bloqueada,2023-06-10
CU01331,C00087,Ahorro,Bloqueada,2023-02-12
CU01332,C00524,Inversión,Activa,2024-12-01
CU01333,C00909,Ahorro,Inactiva,2022-04-18
CU01334,C00537,Ahorro,Bloqueada,2024-06-03
CU01335,C00301,Inversión,Inactiva,2024-08-17
CU01336,C00243,Corriente,Inactiva,2022-05-30
CU01337,C00122,Ahorro,Bloqueada,2024-11-17
CU01338,C00147,Corriente,Bloqueada,2023-04-09
CU01339,C00567,Inversión,Activa,2024-06-24
CU01340,C00750,Ahorro,Bloqueada,2022-03-16
CU01341,C00356,Ahorro,Inactiva,2023-04-08
CU01342,C00685,Corriente,Inactiva,2022-09-11
CU01343,C00904,Inversión,Activa,2024-12-18
CU01344,C00733,Ahorro,Bloqueada,2023-02-25
CU01345,C00631,Corriente,Inactiva,2020-11-09
CU01346,C00309,Ahorro,Inactiva,2024-10-05
CU01347,C00695,Ahorro,Inactiva,2023-06-11
CU01348,C00288,Ahorro,Inactiva,2023-08-26
CU01349,C00307,Inversión,Inactiva,2024-12-22
CU01350,C00812,Inversión,Bloqueada,2024-08-24
CU01351,C00594,Ahorro,Activa,2021-09-23
CU01352,C00966,Ahorro,Bloqueada,2023-01-15
CU01353,C00914,Inversión,Activa,2024-09-09
CU01354,C00723,Corriente,Inactiva,2021-10-16
CU01355,C00662,Ahorro,Activa,2022-03-13
CU01356,C00549,Corriente,Activa,2021-09-19
CU01357,C00352,Inversión,Activa,2022-08-16
CU01358,C00312,Inversión,Bloqueada,2023-08-29
CU01359,C00873,Corriente,Bloqueada,2020-07-26
CU01360,C00059,Inversión,Inactiva,2020-10-20
CU01361,C00643,Ahorro,Activa,2020-08-23
CU01362,C00924,Corriente,Activa,2020-09-14
CU01363,C00714,Corriente,Activa,2024-04-21
CU01364,C00755,Corriente,Activa,2024-08-10
CU01365,C00035,Ahorro,Inactiva,2024-11-08
CU01366,C00445,Ahorro,Bloqueada,2024-03-15
CU01367,C00093,Inversión,Bloqueada,2024-09-20
CU01368,C00950,Corriente,Activa,2021-06-30
CU01369,C00959,Inversión,Bloqueada,2021-10-05
CU01370,C00207,Corriente,Activa,2023-03-01
CU01371,C00353,Inversión,Inactiva,2023-12-26
CU01372,C00903,Corriente,Inactiva,2024-02-16
CU01373,C00332,Ahorro,Bloqueada,2021-04-22
CU01374,C00817,Inversión,Activa,2020-07-16
CU01375,C00862,Inversión,Inactiva,2024-06-11
CU01376,C00725,Inversión,Bloqueada,2024-03-29
CU01377,C00159,Inversión,Inactiva,2023-03-20
CU01378,C00954,Corriente,Inactiva,2024-06-15
CU01379,C00957,Ahorro,Activa,2025-04-13
CU01380,C00024,Inversión,Bloqueada,2023-08-28
CU01381,C00404,Inversión,Activa,2022-10-01
CU01382,C00805,Ahorro,Bloqueada,2023-10-04
CU01383,C00516,Corriente,Inactiva,2025-05-06
CU01384,C00732,Corriente,Activa,2021-04-17
CU01385,C00364,Inversión,Activa,2023-06-11
CU01386,C00382,Inversión,Activa,2021-04-10
CU01387,C00532,Corriente,Activa,2023-12-06
CU01388,C00956,Ahorro,Bloqueada,2021-09-07
CU01389,C00152,Ahorro,Bloqueada,2023-08-25
CU01390,C00562,Inversión,Activa,2025-05-17
CU01391,C00689,Ahorro,Activa,2024-12-02
CU01392,C00947,Inversión,Bloqueada,2025-04-04
CU01393,C00608,Inversión,Bloqueada,2023-06-20
CU01394,C00617,Corriente,Activa,2025-06-09
CU01395,C00420,Inversión,Bloqueada,2025-02-01
CU01396,C00250,Ahorro,Activa,2023-06-13
CU01397,C00117,Ahorro,Activa,2025-05-20
CU01398,C00866,Inversión,Activa,2021-04-03
CU01399,C00512,Corriente,Inactiva,2020-10-19
CU01400,C00740,Inversión,Activa,2023-03-28
CU01401,C00578,Ahorro,Bloqueada,2025-02-16
CU01402,C00335,Inversión,Inactiva,2023-09-25
CU01403,C00418,Inversión,Bloqueada,2025-01-07
CU01404,C00932,Ahorro,Bloqueada,2022-09-18
CU01405,C00774,Corriente,Bloqueada,2024-06-07
CU01406,C00295,Ahorro,Activa,2023-05-30
CU01407,C00938,Corriente,Bloqueada,2022-04-18
CU01408,C00755,Inversión,Bloqueada,2021-02-02
CU01409,C00371,Ahorro,Bloqueada,2023-10-23
CU01410,C00186,Ahorro,Inactiva,2023-03-23
CU01411,C00246,Corriente,Activa,2023-09-03
CU01412,C00637,Corriente,Activa,2024-10-18
CU01413,C00268,Ahorro,Inactiva,2023-09-15
CU01414,C00643,Inversión,Bloqueada,2020-08-13
CU01415,C00237,Ahorro,Inactiva,2025-02-28
CU01416,C00530,Inversión,Inactiva,2021-03-22
CU01417,C00552,Inversión,Activa,2022-12-03
CU01418,C00021,Inversión,Activa,2023-09-12
CU01419,C00911,Inversión,Inactiva,2024-09-14
CU01420,C00737,Corriente,Bloqueada,2021-09-28
CU01421,C00867,Corriente,Activa,2023-07-12
CU01422,C00794,Ahorro,Bloqueada,2022-10-31
CU01423,C00520,Corriente,Activa,2024-03-01
CU01424,C00100,Ahorro,Bloqueada,2021-12-03
CU01425,C00752,Ahorro,Bloqueada,2023-04-24
CU01426,C00478,Inversión,Bloqueada,2020-08-01
CU01427,C00599,Ahorro,Inactiva,2024-02-29
CU01428,C00298,Corriente,Activa,2022-05-17
CU01429,C00940,Corriente,Bloqueada,2021-04-06
CU01430,C00526,Ahorro,Bloqueada,2023-04-26
CU01431,C00334,Inversión,Inactiva,2020-11-30
CU01432,C00002,Ahorro,Inactiva,2022-09-18
CU01433,C00375,Ahorro,Bloqueada,2024-02-05
CU01434,C00293,Corriente,Bloqueada,2020-11-26
CU01435,C00837,Corriente,Activa,2023-12-14
CU01436,C00934,Inversión,Activa,2023-09-17
CU01437,C00553,Corriente,Inactiva,2021-12-16
CU01438,C00318,Ahorro,Inactiva,2021-07-16
CU01439,C00502,Corriente,Activa,2022-08-05
CU01440,C00828,Corriente,Activa,2022-02-01
CU01441,C00381,Corriente,Activa,2020-11-01
CU01442,C00623,Corriente,Activa,2021-06-08
CU01443,C00014,Inversión,Bloqueada,2024-06-05
CU01444,C00504,Corriente,Bloqueada,2022-10-07
CU01445,C00231,Ahorro,Bloqueada,2022-03-23
CU01446,C00985,Corriente,Inactiva,2023-08-02
CU01447,C00084,Inversión,Activa,2024-05-09
CU01448,C00130,Inversión,Bloqueada,2023-06-24
CU01449,C00743,Inversión,Activa,2021-08-15
CU01450,C00838,Ahorro,Activa,2023-02-18
CU01451,C00145,Ahorro,Inactiva,2021-11-27
CU01452,C00891,Corriente,Bloqueada,2023-01-23
CU01453,C00857,Ahorro,Bloqueada,2024-09-10
CU01454,C00028,Ahorro,Activa,2021-08-08
CU01455,C00066,Corriente,Bloqueada,2025-05-19
CU01456,C00163,Ahorro,Bloqueada,2024-12-28
CU01457,C00229,Corriente,Activa,2022-08-24
CU01458,C00261,Corriente,Activa,2023-08-20
CU01459,C00449,Ahorro,Inactiva,2023-07-21
CU01460,C00424,Ahorro,Bloqueada,2023-01-16
CU01461,C00460,Corriente,Activa,2021-06-20
CU01462,C00952,Ahorro,Bloqueada,2023-04-23
CU01463,C00676,Corriente,Bloqueada,2025-05-07
CU01464,C00301,Ahorro,Activa,2021-12-16
CU01465,C00919,Inversión,Bloqueada,2020-10-26
CU01466,C00303,Ahorro,Bloqueada,2020-07-16
CU01467,C00287,Inversión,Inactiva,2024-08-13
CU01468,C00395,Ahorro,Bloqueada,2023-08-07
CU01469,C00010,Corriente,Inactiva,2022-01-07
CU01470,C00707,Inversión,Inactiva,2020-07-06
CU01471,C00630,Inversión,Activa,2023-03-06
CU01472,C00270,Corriente,Bloqueada,2023-12-06
CU01473,C00592,Inversión,Bloqueada,2021-04-14
CU01474,C00970,Ahorro,Inactiva,2021-11-13
CU01475,C00605,Corriente,Activa,2021-07-08
CU01476,C00778,Inversión,Inactiva,2024-01-22
CU01477,C00844,Ahorro,Inactiva,2023-10-15
CU01478,C00862,Inversión,Inactiva,2021-07-22
CU01479,C00361,Corriente,Bloqueada,2024-01-25
CU01480,C00257,Ahorro,Bloqueada,2023-05-12
CU01481,C00133,Ahorro,Bloqueada,2024-06-08
CU01482,C00276,Ahorro,Bloqueada,2022-02-23
CU01483,C00776,Corriente,Activa,2020-10-16
CU01484,C00683,Ahorro,Inactiva,2021-03-16
CU01485,C00972,Ahorro,Activa,2020-08-05
CU01486,C00513,Corriente,Inactiva,2022-09-23
CU01487,C00313,Inversión,Inactiva,2024-03-17
CU01488,C00576,Inversión,Activa,2022-05-19
CU01489,C00886,Inversión,Activa,2020-12-25
CU01490,C00980,Inversión,Inactiva,2024-04-14
CU01491,C00284,Inversión,Bloqueada,2024-10-08
CU01492,C00121,Corriente,Bloqueada,2022-10-17
CU01493,C00107,Inversión,Inactiva,2023-10-25
CU01494,C00933,Corriente,Inactiva,2023-10-02
CU01495,C00687,Corriente,Activa,2022-07-20
CU01496,C00997,Ahorro,Activa,2022-02-17
CU01497,C00204,Ahorro,Bloqueada,2023-12-09
CU01498,C00165,Ahorro,Bloqueada,2022-11-18
CU01499,C00305,Corriente,Activa,2021-11-23
CU01500,C00497,Inversión,Bloqueada,2024-05-27
